-2.303158266324737269e+03,6.797709165944837878e+03,3.804793994645968269e+03
-2.273635619371184930e+03,4.490948128983908418e+02,1.966203565636344138e+03
2.945247940710381499e+03,-7.101586270200416493e+02,2.675063201681088231e+03
7.324615714044766719e+03,1.027298298240698387e+03,2.544407050978651569e+03
8.980762556611543914e+03,5.325355988881119629e+03,2.332440817582251384e+03
4.607349030020855935e+03,7.330079462290430456e+03,-1.728596330452610346e+02
3.541263546073562793e+03,1.264213097834313703e+04,3.271078807044267705e+03
-2.275285779730477770e+03,9.467492500612743243e+03,1.964553405277049478e+03
-5.776859030811272532e+03,3.306039774778534593e+03,3.914665495329882106e+02
-1.599091297354552808e+03,1.105670508235254147e+03,2.701121207026530556e+03
3.864340545577561898e+03,1.909653511673695903e+02,3.654529125921822924e+03
6.588796145348923346e+03,2.735101028650861963e+02,1.868960801656362491e+03
1.157527315945431110e+04,7.901897965044118791e+03,4.987324739798573319e+03
7.354220859467087394e+03,1.005898266505689207e+04,2.634385515774524720e+03
4.240290135860052033e+03,1.332318894144985825e+04,4.030478716204311240e+03
-2.734591916240875435e+03,8.990217737422575738e+03,1.565620588140206337e+03
-3.942886823870593162e+03,5.121698421259782663e+03,2.285838832561040363e+03
-3.704585818939582168e+03,-1.018137573809206515e+03,6.560267615288744310e+02
3.853368590603944540e+03,1.616798357343211592e+02,3.703957247035578803e+03
6.160366302937618457e+03,-1.732333000056503352e+02,1.500931035332430611e+03
7.370522096100057752e+03,3.678833341230433234e+03,8.429737525316922984e+02
8.620696076285286836e+03,1.130714432141566067e+04,3.961260808680096488e+03
2.988997527654581063e+03,1.205358277278495552e+04,2.839586184086213507e+03
-3.914937771455001894e+02,1.131500231605852059e+04,3.969118803322954591e+03
-4.754757455865570591e+03,4.291171553836415114e+03,1.534387334722751348e+03
-1.060267228675184697e+03,1.607524781026800383e+03,3.360764485949959635e+03
3.721037699422091464e+03,1.069270912407728247e+01,3.632045490010413687e+03
6.246417170904209343e+03,-1.058386674674500227e+02,1.647401037455709456e+03
7.926011357700343069e+03,4.215666367402326614e+03,1.458882148288664439e+03
3.557571094304029430e+03,6.225363104006013600e+03,-1.041445039144472503e+03
3.342813294731445694e+03,1.238874230443343004e+04,3.253821085319766098e+03
1.147540161538253415e+03,1.283538001931388135e+04,5.568571876163396155e+03
-2.108401811734784133e+03,6.918530540722056685e+03,4.241173468234310349e+03
-2.139913599616227657e+03,5.088817528406137853e+02,2.341548604389690354e+03
4.011606693026747962e+03,2.822650454835900291e+02,3.983044972995843636e+03
6.681892296818560681e+03,3.106398012017581323e+02,2.143306652750834473e+03
7.813658079108554375e+03,4.084316431565395305e+03,1.406959359077649879e+03
6.035870694613970045e+03,8.684666047070810237e+03,1.497285050546241564e+03
1.840871171515272181e+03,1.086780352397211209e+04,1.812309451484366036e+03
-2.039145361699467003e+03,9.629697838831019908e+03,2.442316842306448962e+03
-3.835873697588354844e+03,5.171723824042315755e+03,2.574135717494970777e+03
-2.835463415305503986e+03,-2.060028936748328761e+02,1.706432923814645392e+03
3.369193580506069338e+03,-3.794828978632588132e+02,3.401065995589396152e+03
8.577912123254245671e+03,2.187324796811271426e+03,4.099760614300749694e+03
7.903576558909359846e+03,4.154900080540029194e+03,1.557311973992685353e+03
5.755148935277778946e+03,8.384609456908448919e+03,1.276997426324282060e+03
4.227382713729901297e+03,1.323498023536057008e+04,4.259255128813227202e+03
-2.487854726045375173e+03,9.161653643658941292e+03,2.054041613074772158e+03
-4.473625752934424781e+03,4.514301008360658670e+03,1.996813724409780662e+03
-3.165054729189353566e+03,-5.552649678942698301e+02,1.437271672191674952e+03
3.020085311820458628e+03,-7.482619268844566705e+02,3.112387789164664810e+03
8.810017464467786340e+03,2.399759377689225403e+03,4.392296017775170185e+03
8.281662078829867824e+03,4.513314840124950933e+03,1.995827556174073379e+03
7.484825246233863254e+03,1.009461500752894608e+04,3.067103799541244825e+03
3.914328461142178639e+03,1.290225522243726118e+04,4.006630938486382547e+03
-1.444746163374406933e+03,1.018509144599431966e+04,3.157580238006619766e+03
-5.685135496479881112e+03,3.282786815641072735e+03,8.457222401302510661e+02
-1.246620422385559550e+03,1.343164889735395036e+03,3.416124238261395931e+03
2.160839849381218301e+03,-1.627511838497826602e+03,2.313560585991351218e+03
6.267405979902422587e+03,-1.628565560502677272e+02,1.910102792475733395e+03
8.810962557333747100e+03,5.022610869454702879e+03,2.585546293943882119e+03
7.034081458755544190e+03,9.623866770876496957e+03,2.676778271328853407e+03
-9.490793754961168815e+01,8.873014374571341250e+03,5.781279906051986472e+01
-2.322246213408048789e+03,9.287586946786550470e+03,2.340498447238905101e+03
-3.526266927214493080e+03,5.421319484938847381e+03,3.064989521502023763e+03
-2.327464665272110778e+03,2.419847468812305351e+02,2.395678707481229139e+03
1.106940946028189046e+03,-2.701746641818469016e+03,1.320060394744706628e+03
6.546512744137818117e+03,9.591430821751453095e+01,2.249608268817513363e+03
8.289122513026537490e+03,4.480434925179876700e+03,2.124104961743053536e+03
1.094265755278747929e+04,1.351210696494081822e+04,6.645753077467172261e+03
3.559720029755929772e+03,1.250730644190926978e+04,3.772839478472445535e+03
-3.524287349113938035e+03,8.065209911113048292e+03,1.198856023639400064e+03
-4.587125025914303478e+03,4.339796271684360363e+03,2.064502827081891155e+03
-2.365053176703032932e+03,1.837311208956316477e+02,2.418461600329985231e+03
2.309354789405628253e+03,-1.519997912995706429e+03,2.582845642401824080e+03
8.472110446639237125e+03,2.000846896164256123e+03,4.235577375598610161e+03
9.212292124993047764e+03,5.382939422591711264e+03,3.107645977989242965e+03
7.251107451367521207e+03,9.799891748966183513e+03,3.014574380326892424e+03
3.768292476630452256e+03,1.269521377422911610e+04,4.041783329626646264e+03
5.891917599777066243e+02,1.215802390565001588e+04,5.372706537010722968e+03
-2.939890867590382186e+03,5.966038336034397616e+03,3.772073302196346958e+03
-3.317893545090647876e+03,-7.901013414658677902e+02,1.525957548732904343e+03
1.833544431569305743e+03,-2.016800364805913432e+03,2.167371601356035626e+03
6.184988105044765689e+03,-3.072675394040993524e+02,2.008791350794672780e+03
1.109019834452893338e+04,7.239853548153711927e+03,5.045888514315662178e+03
6.830246497699742577e+03,9.358038701324521753e+03,2.654049743449647849e+03
4.353425941364684149e+03,1.325935514498946395e+04,4.687253111151411758e+03
4.344639501639421724e+02,1.198230400186236511e+04,5.278315043987492572e+03
-3.150584664356302255e+03,5.734027700818335688e+03,3.621672933566476331e+03
-7.090993762426001012e+02,1.797375988932037671e+03,4.195045145717002015e+03
3.114807594317219809e+03,-7.568540405081416793e+02,3.508928192239999134e+03
8.394892491172799055e+03,1.881320008273792382e+03,4.278989165058756043e+03
7.180134023580083522e+03,3.308472388754720669e+03,1.196117621502862676e+03
4.238355508648879550e+03,6.744830873823515503e+03,1.224521825348347193e+02
3.734433249713041278e+03,1.261904561488767831e+04,4.128553847635818784e+03
6.684210471785800110e+02,1.219494426042686246e+04,5.572565569138179853e+03
-2.466618317060198024e+03,6.396354700733999380e+03,4.365881995151478804e+03
-1.220176337113495038e+03,1.264659680680702195e+03,3.744210899135004183e+03
1.809462336292589043e+03,-2.083838645913212986e+03,2.263825648504266155e+03
6.548003024006862688e+03,1.279119372741558891e+01,2.492342412181717918e+03
7.197750447552861260e+03,3.304449465347058322e+03,1.273976759764538428e+03
7.741986991793069137e+03,1.022682300958726591e+04,3.686326379967922549e+03
8.953200618540065534e+02,9.758293079648201456e+03,1.349683374065681846e+03
-7.321331723741292308e+02,1.077275069349371188e+04,4.232254063874368512e+03
-3.286298388363899448e+03,5.554715010111596712e+03,3.606386072526592216e+03
-2.023033863237977130e+03,4.398425352375189163e+02,3.001537521689337609e+03
3.425784579504081648e+03,-4.894760220204216239e+02,3.940332040394574051e+03
6.702705519793011263e+03,1.455340701948629203e+02,2.707229056646681784e+03
7.714695517516778636e+03,3.799434915992274000e+03,1.851105978407270641e+03
5.731000541637169590e+03,8.193876940112662851e+03,1.735524078490837383e+03
3.449444568140324463e+03,1.229045796661581699e+04,3.963992029030815047e+03
-4.512883332829946085e+03,6.970040913719194577e+03,5.116880520973663806e+02
-5.213681538283757618e+03,3.605054208231674693e+03,1.739120624778850924e+03
-5.055210379026710143e+03,-2.614611632511277094e+03,2.947870807272192906e+01
2.613788132615908125e+03,-1.323750120868658541e+03,3.188453295678517406e+03
7.134017961073011065e+03,5.545688595147991009e+02,3.198659200098798010e+03
7.424939245537671923e+03,3.487400992053104346e+03,1.621467408600281487e+03
9.031352709131630036e+03,1.147195145564706218e+04,5.095993948157415616e+03
6.900172197171536936e+02,9.508752966232585095e+03,1.264682382779761156e+03
-1.846865338622355239e+03,9.613781255966721801e+03,3.237823748477074787e+03
-4.389988235092676405e+03,4.406154069298620925e+03,2.622857271019343898e+03
-1.783142149310421246e+03,6.348631550808769362e+02,3.361590280838422586e+03
3.604088504582610312e+03,-3.560431910260909945e+02,4.238797010694631354e+03
8.261716693379876233e+03,1.659674149697529629e+03,4.386401275455074938e+03
7.702261632702022325e+03,3.742129937093319313e+03,1.958833138814043195e+03
7.757773104865334972e+03,1.017577840925663077e+04,3.882457686940531858e+03
1.538164444136141356e+03,1.033430674852743687e+04,2.172872950248161033e+03
7.415513475090701832e+02,1.217960449997401338e+04,5.886283777657912651e+03
-4.038179875564610484e+03,4.735055443089119763e+03,3.034626667528821599e+03
-4.638208191933408671e+03,-2.243109873279678141e+03,5.664852751968460325e+02
1.124211389473423651e+03,-2.858827291872845308e+03,1.818880932566856018e+03
5.435375247706583650e+03,-1.189574281713330265e+03,1.620020866763193908e+03
1.048059942663814218e+04,6.497560745291873900e+03,4.797131969731575737e+03
8.151301292607802679e+03,1.054639961126152957e+04,4.335946911664410436e+03
3.430207986319247993e+03,1.220344330497297597e+04,4.124877529412678086e+03
-1.436655484862652656e+03,9.978490681864723229e+03,3.768037982267600000e+03
-1.537655170727489349e+03,7.212361870110587915e+03,5.595022119368724816e+03
1.415238386468810404e+03,3.787118427306887952e+03,6.679802600601848098e+03
3.723516257867117474e+03,-2.827407012948043530e+02,4.478056547963332378e+03
7.666127012913285398e+03,1.017959205677718728e+03,3.910643378972678875e+03
8.939219726418850769e+03,4.932962767256927691e+03,3.315623016515065501e+03
6.572252876554756767e+03,8.944132917392831587e+03,2.816769242614147515e+03
2.427492467484480130e+03,1.117750950832255512e+04,3.182032757580693669e+03
-1.401626236060897327e+03,9.990301652850825121e+03,3.862937978072138321e+03
-2.951432479877338665e+03,5.775057248517668995e+03,4.241017243702935048e+03
-1.938578300200855665e+03,4.097744281941523923e+02,3.385758347416240667e+03
1.672702207386522332e+03,-2.357082064218468986e+03,2.487014930966796328e+03
6.180342139225930623e+03,-4.913529804527058786e+02,2.484630938769382738e+03
8.979094813637701009e+03,4.949310542032708327e+03,3.415270537217975289e+03
5.964646905945439357e+03,8.312999634340445482e+03,2.268935705488888743e+03
5.265911356061328661e+02,9.253080864001138252e+03,1.340903859186405043e+03
-3.375739103501907266e+03,7.992661472966745350e+03,1.948597544115187247e+03
-2.647167125359983402e+03,6.055488520281393903e+03,4.604948652321875670e+03
-1.803347381937870978e+03,5.211712637035064972e+02,3.580655319780811169e+03
3.974717130330361215e+03,-7.890122402826045800e+01,4.848695908012221480e+03
7.694881397565131010e+03,9.993521951328639261e+02,4.058836251210168484e+03
9.645870027675435267e+03,5.592251673316812230e+03,4.141711805357294907e+03
7.172724687363989688e+03,9.497243333005364548e+03,3.536679541009025797e+03
4.348134731995792208e+03,1.305079037763716769e+04,5.222113509677650654e+03
-3.031090582003227155e+03,8.313475911711795561e+03,2.352912119715453173e+03
-3.345496114278100322e+03,5.333020950454239937e+03,3.966171227209190874e+03
7.567316027827087055e+01,2.376053225010611641e+03,5.519227425802385369e+03
1.772205603157931364e+03,-2.305551332109727355e+03,2.705735944645223299e+03
6.908197290295520361e+03,1.885295069542164583e+02,3.331703707745989959e+03
6.198707478711849944e+03,2.120950543444188952e+03,7.541008201991407986e+02
7.521749411677153148e+03,9.822129476409492781e+03,3.945255829127620927e+03
3.810738044927259580e+03,1.248925510965959984e+04,4.744268386414549241e+03
-4.563289180100202884e+02,1.086409899479596424e+04,4.987225347514092391e+03
-5.049481789921272139e+03,3.604594476734356704e+03,2.321614466351252759e+03
-1.590815835459397931e+02,2.116857683109689333e+03,5.343901596763407724e+03
4.855113364005009316e+03,7.529156306606391809e+02,5.848072620277534952e+03
7.091191365533642966e+03,3.470827841156281579e+02,3.574126697769347174e+03
8.073703665897578503e+03,3.971505932553207003e+03,2.688525922170103968e+03
8.912754866825243880e+03,1.118869413348087073e+04,5.395690199060944906e+03
5.065621208539853797e+03,1.371969747519548037e+04,6.058580464812377613e+03
-2.082050719996987937e+03,9.213936394732287226e+03,3.420932460312358216e+03
-5.838065094881272671e+03,2.791270447368014175e+03,1.592329217825227715e+03
-2.189477498135429414e+03,6.172104411385822686e+01,3.372803738607894502e+03
2.875192029938135420e+03,-1.251746427812576030e+03,3.927449342644636999e+03
6.966930912703130161e+03,1.980816068787730444e+02,3.509164301372809405e+03
8.033787261399626004e+03,3.906848803648912963e+03,2.707907574106127413e+03
5.495756057903641704e+03,7.746954600152927014e+03,2.037989446573318219e+03
3.402236226781610185e+03,1.203157176903089567e+04,4.454493539488110400e+03
-4.615649082034149160e+02,1.080968148211951666e+04,5.100716328539907408e+03
-3.049259018259567711e+03,5.555038174984180841e+03,4.440294229756552340e+03
-1.709681363285273392e+03,5.164788299584754441e+02,3.911758808767669507e+03
4.087608128679567926e+03,-6.436867807668272690e+01,5.199024376695688261e+03
6.570540218448067208e+03,-2.233474363818284019e+02,3.171932542427365661e+03
9.082882640863594133e+03,4.930905834107342343e+03,3.816161888879714752e+03
6.026218185151847138e+03,8.252378378395593245e+03,2.627610509131143772e+03
3.083796684305489180e+03,1.168809387754923591e+04,4.195212932321608605e+03
-1.753930063709181923e+03,9.492277977608213405e+03,3.867510108343759384e+03
-5.668127556181680120e+03,2.910835977147877202e+03,1.880437186929041445e+03
-2.702797615366769605e+03,-5.019710820372119997e+02,2.977654051780774807e+03
2.772441192024909469e+03,-1.404869274645531959e+03,3.942868935135631546e+03
4.087975899184022637e+03,-2.731245415560064430e+03,7.483797182579223772e+02
1.222242137618330162e+04,8.045110909512859507e+03,7.014712119294024887e+03
7.973271334109071176e+03,1.017409786743862787e+04,4.633675153182969552e+03
1.272430034599054579e+03,9.851393567928611446e+03,2.442857777709774837e+03
-9.488238892444472867e+02,1.027205049215875442e+04,4.731627777903095193e+03
-2.224958147268099310e+03,6.328378741983829968e+03,5.382462272395683613e+03
-1.133678020766718191e+03,1.041521868485210916e+03,4.605629322933887124e+03
9.983495902592546827e+02,-3.204587520488815244e+03,2.227633009923038117e+03
8.891479633896273299e+03,2.046631675074557961e+03,5.610739129523234624e+03
1.124257485737960451e+04,7.039637746631531627e+03,6.093721277043387090e+03
5.076303765591193041e+03,7.251503654843120785e+03,1.795563261218151638e+03
2.851171080498506399e+03,1.140450796975043522e+04,4.080454500162287786e+03
-2.214847115668122569e+03,8.980400621657450756e+03,3.524460228032481155e+03
-5.903943254444136983e+03,2.623476347489242471e+03,1.762168582705482095e+03
-1.890603740253499836e+03,2.586788616798804696e+02,3.907395020932942771e+03
2.287859384511513781e+03,-1.940995013555105288e+03,3.575834221661134052e+03
7.707629844207714996e+03,8.368645980674497196e+02,4.485580757320512021e+03
1.087551056808893918e+04,6.646656170022319202e+03,5.785348405238559280e+03
8.657527877200309376e+03,1.080681047913368639e+04,5.435478790313105492e+03
4.330328154039595574e+03,1.285774775597297412e+04,5.618302991189214481e+03
-2.859184030304539192e+03,8.310146419702487037e+03,2.938814730881901596e+03
-4.116602518843160397e+03,4.384611508782616511e+03,3.608027970989636742e+03
-2.568796816567068163e+03,-4.457197889412910854e+02,3.287720597302552051e+03
3.449399992767658659e+03,-8.056599796065636383e+02,4.795893482600456082e+03
7.509120309116851786e+03,6.121494886689847590e+02,4.345589874912827327e+03
9.652375203430581678e+03,5.397315231056356424e+03,4.620731693263377565e+03
7.524874099778688105e+03,9.647951127404463477e+03,4.361343665574661827e+03
1.022766385293892654e+03,9.523980412919667287e+03,2.369259875126688712e+03
1.222880139592862633e+03,1.236600501529228495e+04,7.079397553462480573e+03
-2.603004721509551928e+03,5.871717817583594297e+03,5.179963082198309166e+03
-2.419295213734531444e+03,-3.227096746413850497e+02,3.495559514010152270e+03
3.050378580965735637e+03,-1.231172879941116889e+03,4.455209384673597015e+03
8.374011821732976387e+03,1.450549512752478677e+03,5.268818701404015883e+03
8.981631784048438931e+03,4.700080323141584813e+03,4.008325587756300592e+03
6.966671365772569516e+03,9.063256904865715114e+03,3.861478245443606738e+03
2.710060673643021346e+03,1.118478321273616530e+04,4.114891477350880450e+03
1.894221121659348682e+03,1.301085450882613986e+04,7.809075849404031032e+03
-6.150009758502686964e+03,2.297937768324022727e+03,1.691105374884316916e+03
-1.841293635922260819e+03,2.285168909044492125e+02,4.131708421501566590e+03
4.110774562664681071e+03,-1.975519105086082163e+02,5.573752696051686144e+03
7.074298280018278092e+03,1.240609587713436355e+02,4.027252489368460829e+03
9.013166202919752322e+03,4.704839729746462581e+03,4.098007336306757679e+03
6.778240041928692335e+03,8.848050568755399581e+03,3.731194251278872798e+03
1.183006525660883426e+03,9.630954052487591980e+03,2.645984659047886453e+03
-1.171080219587455304e+03,9.918778155312898889e+03,4.801921837836370287e+03
-3.433308631402735500e+03,4.987582768890893931e+03,4.465755127530432219e+03
-3.580425645248345063e+03,-1.537671244954715576e+03,2.450525037721646186e+03
1.057491922485040277e+03,-3.277890677221329497e+03,2.578418681418209417e+03
6.349899200461525652e+03,-6.273942473184894197e+02,3.360802035357872228e+03
9.304412224669862553e+03,4.969029624963490278e+03,4.447201983603030385e+03
6.278010002200524468e+03,8.320764402494151000e+03,3.288912837096868316e+03
5.126335557395684646e+02,8.933524956033195849e+03,2.033560314672735558e+03
-2.554667850318812725e+03,8.508134398048461662e+03,3.476282832651176705e+03
-4.321070912332258558e+03,4.072485676888731177e+03,3.635733970303864226e+03
-3.419441247414702957e+03,-1.404021658193713165e+03,2.669250559258242902e+03
2.408346031257824961e+03,-1.954371379521184735e+03,3.987013913893948029e+03
7.116276423474679177e+03,1.116481646220246517e+02,4.184920382073980363e+03
9.313583006898325038e+03,4.950865596119314432e+03,4.514113889534448390e+03
7.419073458354986542e+03,9.434493047575975652e+03,4.487717416954285909e+03
3.173446572629809452e+03,1.156700316185079828e+04,4.752114455265930701e+03
-1.192136478024721328e+03,9.843330959269913365e+03,4.896555328648222712e+03
-3.985469989791501121e+03,4.380475555125192841e+03,4.028859635937372332e+03
-1.251390477800217013e+03,7.364180671164771184e+02,4.894826071965479059e+03
3.293384953857354503e+03,-1.096943501225950513e+03,4.929577579586229149e+03
7.671052617047819695e+03,6.388133138908685851e+02,4.797221318739871094e+03
1.017766584879230686e+04,5.787337393709000935e+03,5.435721474521181335e+03
7.709281000881009277e+03,9.697089545797702158e+03,4.835449702573058858e+03
1.978032009283126854e+03,1.034397755419981877e+04,3.614224635011999453e+03
-6.792018469064530564e+02,1.032865454608388609e+04,5.467014702859241879e+03
-3.168906615942658846e+03,5.169154125686274710e+03,4.902722409099161268e+03
-1.935407518831129892e+03,2.451622279780350766e+01,4.268108430247512842e+03
-2.773546952107099060e+02,-4.695567953581776237e+03,1.416137329831110492e+03
8.072419446022002376e+03,1.012295339577290861e+03,5.255887547027000437e+03
6.771500554423027097e+03,2.353287296051958947e+03,2.086855579464846414e+03
6.199888503806762856e+03,8.159812245435694422e+03,3.383356604811759098e+03
3.264858365282173509e+03,1.160291910691110570e+04,4.958350390323992542e+03
-3.809203952175947506e+03,7.170767637526631006e+03,2.394311996902693409e+03
-5.229026370859593044e+03,3.080878307086421955e+03,2.899667658732323616e+03
-2.330801424927969038e+03,-3.990337469819532998e+02,3.929779528700771152e+03
3.720268227349135032e+03,-7.261010947048484923e+02,5.470825256941052430e+03
8.799472383942566012e+03,1.711192213814935940e+03,6.040005489497660164e+03
8.109604280754893807e+03,3.663234958700908464e+03,3.482024310346811035e+03
7.121147342973274135e+03,9.052915020919288509e+03,4.361680448528367378e+03
1.151631661338447202e+03,9.461536339284462883e+03,2.902188690930363009e+03
-1.492525728201645506e+03,9.459289797818013540e+03,4.768055225427092410e+03
-2.606464828846349519e+03,5.675015049392041874e+03,5.579050668257735197e+03
-3.725954050840834952e+02,1.530747473154308636e+03,5.944807016056824978e+03
1.149973630851219013e+03,-3.324820490910387889e+03,2.957352127955305150e+03
8.724776639200070349e+03,1.608071669364817353e+03,6.022131212267333467e+03
9.112920204598518467e+03,4.638126082836908608e+03,4.542161701702602841e+03
7.384653583050494490e+03,9.287996461288883438e+03,4.682008156117755789e+03
8.439310213974022190e+02,9.125410899635791793e+03,2.651309518501486309e+03
2.037501755558955665e+02,1.112714090186793328e+04,6.521152596696801993e+03
-3.756711709255867390e+03,4.496077184888928969e+03,4.485372481206175507e+03
-1.155507901035419309e+03,7.191439931093779023e+02,5.218463213463447573e+03
2.701295947806971526e+03,-1.802189158048230865e+03,4.565243138269015617e+03
6.961182944905508521e+03,-1.842130090233391115e+02,4.315106211330729820e+03
6.971494080180787023e+03,2.468008974325583040e+03,2.457304270642830488e+03
5.683398406486200656e+03,7.558050300630996389e+03,3.037321672911420137e+03
4.229659526915876086e+03,1.248244842106067154e+04,6.093606717377918358e+03
-5.143240386220204527e+03,5.751459355998236788e+03,1.230730728278660081e+03
-5.244094327851210437e+03,2.979739978253365734e+03,3.054296446234412542e+03
-5.416046313500685301e+02,1.304092674754508380e+03,5.888673066772377751e+03
3.865636930802827919e+03,-6.668027630925944322e+02,5.785890704888452092e+03
7.312341553295691483e+03,1.379910113266240046e+02,4.722571403344493774e+03
1.127708020653536005e+04,6.744640512639936787e+03,6.819196980620984505e+03
6.240302321802930237e+03,8.085999627907505783e+03,3.650532171851731164e+03
2.367747236743579379e+03,1.059158154284815464e+04,4.288001010829201732e+03
-1.460806495591806197e+03,9.404938658586415841e+03,4.969471202530638038e+03
-7.085082919350769771e+03,1.109535805587479445e+03,1.269342890880892810e+03
-3.480821866861012495e+03,-1.664340141922762768e+03,3.005490867407473161e+03
3.773873880608859508e+03,-7.877813944528902539e+02,5.750162690840523283e+03
5.532399436154062641e+03,-1.671166686981332987e+03,2.998664322348903170e+03
1.128890470674371136e+04,6.727249431681959322e+03,6.887056516975373597e+03
4.054276978974418853e+03,5.870758703912665624e+03,1.520541865169258017e+03
1.550680752772931100e+03,9.745299477711178042e+03,3.526969563004592601e+03
-2.899239291601477817e+03,7.937290281410417265e+03,3.587073442667006020e+03
-3.669904059897879961e+03,4.495240733580616507e+03,4.740275695317432110e+03
-1.529451875966283296e+03,2.575559175122137958e+02,5.012614803285850940e+03
3.428359667950701805e+03,-1.162769538570800023e+03,5.460402423166014160e+03
6.272434269954210322e+03,-9.606057846409370313e+02,3.794453101132700340e+03
1.132037166886874729e+04,6.729242462347244327e+03,6.974277424084059930e+03
5.172054864408733010e+03,6.959062657887229761e+03,2.694073695587221664e+03
1.309702384325943285e+03,9.474847177804440435e+03,3.341745139541253593e+03
-1.556130246634976857e+03,9.250925394917163430e+03,4.985936432617156242e+03
-4.198083805215035682e+03,3.937331383038912008e+03,4.267559150333680009e+03
-3.057572816137923837e+03,-1.300294627883976318e+03,3.539957063447614928e+03
1.916674950865038682e+03,-2.704183860881013061e+03,4.004180906413755110e+03
9.824120100106139944e+03,2.561350440286442790e+03,7.401602131618034036e+03
9.779181731404498350e+03,5.158322919658445244e+03,5.488550686953214608e+03
5.652341832452380913e+03,7.409620020706328432e+03,3.229823863964273642e+03
2.055632647339725736e+03,1.019104783559367206e+04,4.143138602888440801e+03
-2.323297544435696636e+03,8.454028491891895101e+03,4.274232335149840765e+03
-5.883920864046153838e+03,2.221511757181920530e+03,2.636884779947670722e+03
-1.631395081653074158e+03,9.590053957500037995e+01,5.021297486377573478e+03
4.440953098324589519e+03,-2.098882804473350916e+02,6.583621742318415272e+03
7.854472345820160626e+03,5.617201189745902639e+02,5.487117065777163589e+03
8.343870395642277799e+03,3.693029016870352280e+03,4.108402039636103837e+03
6.028949694339972666e+03,7.756245315568045953e+03,3.661594414296973810e+03
3.374041081854282311e+03,1.147947370308235622e+04,5.516709725848105336e+03
-1.043775761237038751e+03,9.703567708064681938e+03,5.608916806793607066e+03
-4.239504614205106009e+03,3.835695227390690434e+03,4.336153321320966825e+03
-2.909689771695188938e+03,-1.212626930099392212e+03,3.797855087867706970e+03
2.039022787120429712e+03,-2.642051371283772824e+03,4.236543722646503738e+03
8.766832792907302064e+03,1.443847786429454572e+03,6.454329804396553300e+03
6.665498869214858132e+03,1.984424710810655142e+03,2.484882804740932443e+03
7.240880991251748128e+03,8.937943832847542581e+03,4.928378002740997545e+03
3.509593476262475633e+03,1.158479331785827162e+04,5.707114411788547841e+03
-1.275244742827939717e+03,9.441865946841502591e+03,5.432300116734953917e+03
-2.746498271427715736e+03,5.298221366212686007e+03,5.883691551777834320e+03
1.801111304575134909e+03,3.467693942215536936e+03,8.563188051817507585e+03
1.903470863706952969e+03,-2.808083498652644266e+03,4.155523686912503763e+03
3.818317864690272017e+03,-3.535147345742970629e+03,1.560346763859000475e+03
6.881175491063036134e+03,2.169621128703437535e+03,2.755091314268586757e+03
6.768216415810758008e+03,8.434799053451159125e+03,4.510245314979484647e+03
9.719938839249741704e+02,9.016713521565374322e+03,3.224046707130522918e+03
-2.223838133493040459e+03,8.462792352221005785e+03,4.538238613749330398e+03
-2.336370858851782486e+03,5.677623979802734539e+03,6.348020315100709922e+03
-2.950478944623252119e+03,-1.314621105968734355e+03,3.865799153366063365e+03
1.179210699898680332e+03,-3.563068461446800939e+03,3.485464873851173252e+03
4.795303465656917979e+03,-2.588886543762208021e+03,2.591533715572589699e+03
7.771395285949730351e+03,3.029116124604247489e+03,3.699512459902223327e+03
5.562359657934846837e+03,7.198217496589362781e+03,3.358589907850515829e+03
1.497347854965419629e+03,9.511342693619935744e+03,3.803602028917910957e+03
-2.145298507104948840e+03,8.510607179623213597e+03,4.670979590884365280e+03
-5.869536519032496471e+03,2.113491797909809520e+03,2.868715205195252565e+03
3.926064514079275796e+02,1.997497768350233855e+03,7.262745099672500146e+03
1.144169284987709716e+03,-3.629076398069983043e+03,3.504284009215459264e+03
6.693663345506723090e+03,-7.214931856246156485e+02,4.543754145697650529e+03
8.988049022325858459e+03,4.214803339268164564e+03,4.970026746553608064e+03
6.335078927066440883e+03,7.939970244008744885e+03,4.185169727257366503e+03
3.888657389392355071e+03,1.187168570633465970e+04,6.248772113620102573e+03
-1.543653494244942749e+03,9.081285670771007062e+03,5.326485154019627771e+03
-3.799683250730308828e+03,4.152139739333319994e+03,4.992077824923793742e+03
-1.789259447711943494e+03,-2.155734576483143314e+02,5.134388551978982832e+03
5.215558855018177837e+02,-4.282895124434552599e+03,2.935179961155921774e+03
6.796057467956491564e+03,-6.503043900535245712e+02,4.699657619573772536e+03
1.021681284855756894e+04,5.412361838621198331e+03,6.252299924211672987e+03
6.391063377087822118e+03,7.964749367151448496e+03,4.294663528705101271e+03
3.616393674448351703e+03,1.156821666451197962e+04,6.030017750102453647e+03
-1.435500159001464908e+03,9.158233679135808416e+03,5.488147840689459372e+03
-2.257291495575947010e+03,5.663090328818483613e+03,6.587617195229218851e+03
-7.822964818303564698e+02,7.599483425640748919e+02,6.194499133011632694e+03
2.596817275400600920e+03,-2.239074900204966980e+03,5.063588966205767974e+03
6.558246994485399227e+03,-9.195560291938149931e+02,4.514994761253743491e+03
8.759733848472278623e+03,3.923841672866709814e+03,4.848368539277445961e+03
9.141422179557299387e+03,1.068366700395172847e+04,7.098169946325642741e+03
2.557517902219425196e+03,1.047789972661385582e+04,5.024289593024590431e+03
-1.360291008041014948e+03,9.202001664427061769e+03,5.616504606800972397e+03
-5.952139453351886914e+03,1.936568393629662069e+03,2.945544437066470891e+03
-3.518191341811520942e+03,-2.007620494829972131e+03,3.511379472643659938e+03
9.108711817126657024e+02,-3.956694971305784748e+03,3.430418072131024019e+03
6.181760992465298841e+03,-1.327716008626796338e+03,4.191283958846835048e+03
7.316628160133996971e+03,2.449062007115545384e+03,3.458038050552355344e+03
5.204644885789893124e+03,6.715215732771440344e+03,3.214167852171427512e+03
2.371948892562502806e+03,1.026065673954405065e+04,4.891495782980859076e+03
-1.244588834483216715e+03,9.286029860571976315e+03,5.784981979971961664e+03
-3.888470465898043130e+03,3.968333807130666628e+03,5.061605403977737296e+03
-3.513693000137400304e+03,-2.035025727108689807e+03,3.568269793775203198e+03
1.699272644594688700e+03,-3.200197082376600065e+03,4.271211514470469410e+03
8.888043358961323975e+03,1.346662783916388889e+03,6.949958304800282349e+03
8.022685566334739633e+03,3.123215839363449049e+03,4.216487436210520173e+03
8.708538456370739368e+03,1.018720572939944759e+04,6.770453402209695923e+03
2.467499875204867749e+03,1.032430414823357569e+04,5.039438745080647095e+03
-2.779458267574528691e+03,7.719256853527826934e+03,4.302504526338073447e+03
