-5.076729956188950382e+03,1.301407043811049789e+03,8.679544043811049050e+03
3.535363791701313403e+02,-3.741479651051446126e+03,9.702626104621775085e+03
5.021320577335279268e+03,-3.887675513817322553e+03,7.239436351883635325e+03
6.467795151222758250e+03,5.056748791472071389e+03,8.685910925771115217e+03
-3.641488621494968356e+03,4.395432859629896484e+03,5.707601103956674706e+03
-8.716608238443981463e+03,-2.268472395898955710e+03,5.039296072623881628e+03
-1.096687047594227352e+03,-5.121704235270778554e+03,8.252032988925280733e+03
2.964251428865955404e+03,-5.874745819741619925e+03,5.181997514482176484e+03
4.820154791247292451e+03,3.479107274041632081e+03,7.037900876863513076e+03
-3.305814684573728300e+03,4.801105639096163941e+03,6.042905351945779330e+03
-7.378916164293752445e+03,-8.607884246122619061e+02,6.375886426314363234e+03
-1.526095665219567081e+03,-5.481120955759653953e+03,7.821522650840192910e+03
5.337737850477325992e+03,-3.431267500993785234e+03,7.554382215633798296e+03
4.969250265591254902e+03,3.698194645522058636e+03,7.185894630747727206e+03
-2.202971380598937230e+03,5.973940840207418660e+03,7.144646935460821624e+03
-9.017247280467618111e+03,-2.429141534372134629e+03,4.735721636051551286e+03
2.620203299042025264e+02,-3.623026954221892083e+03,9.607804971875015326e+03
4.899384217758808518e+03,-3.799643127298309992e+03,7.114194908826333631e+03
4.463231213474115975e+03,3.262153599818911971e+03,6.678041904541641088e+03
-7.258117608374736847e+02,7.521078466382874467e+03,8.619972881133337069e+03
-4.994193958892516093e+03,1.663868957787254658e+03,8.756209460233962091e+03
-1.869249921573466054e+03,-5.684340035115272258e+03,7.473969223004656669e+03
4.846042347862356110e+03,-3.783027826610474676e+03,7.058287541537190918e+03
4.088560404282100535e+03,2.957439961211184709e+03,6.300805597956935344e+03
-2.937699704034731440e+03,5.379147693769904436e+03,6.405519440543389464e+03
-6.702400138363306723e+03,2.559216828453270409e+01,7.044706142834747880e+03
-2.537998113971754265e+03,-6.283158837545492133e+03,6.801923892677944423e+03
7.119763660169728610e+03,-1.439377124335033614e+03,9.328711715916138928e+03
5.982928265676447154e+03,4.921737212573600118e+03,8.191876321422858382e+03
-4.500890144834529565e+02,7.936687773289251709e+03,8.889832992166244367e+03
-4.945761505607553772e+03,1.852125466040800802e+03,8.797316232358454727e+03
-1.329949116024217346e+03,-5.005215174597439727e+03,8.005944347393436146e+03
7.301674312580682454e+03,-1.187571806923564509e+03,9.506593825095049397e+03
4.718579952865789892e+03,3.727283564763458344e+03,6.923499465380155925e+03
-9.665203616393276889e+02,7.490151091133892805e+03,8.369373101778324781e+03
-6.934203216787967904e+03,-6.646324890776298844e+01,6.804114860366198627e+03
-6.880269759176451316e+02,-4.293440038259017456e+03,8.643106826688166620e+03
5.744239935175290157e+03,-2.675153188097106977e+03,7.944399786877813312e+03
4.851269930151832341e+03,3.929826538281350167e+03,7.051429781854355497e+03
-1.571875366407273305e+03,6.954649082597797133e+03,7.759258436198536401e+03
-6.189497223521036176e+03,7.480471286872165138e+02,7.543330415490660016e+03
-3.786985616050476438e+03,-7.322594294063800589e+03,5.538657748412863839e+03
4.548675362669064270e+03,-3.800913376275284463e+03,6.743344776229117087e+03
4.074253764007213704e+03,3.222614756464780385e+03,6.268923177567266976e+03
-1.196700657546942011e+03,7.399628175786176143e+03,8.128942706916397583e+03
-4.909092703553304091e+03,2.098200478726644633e+03,8.817514112799473878e+03
-2.573302761860456485e+03,-6.039162609802085171e+03,6.746119779943966023e+03
4.606210800298011236e+03,-3.673629108574642032e+03,6.794659391199145830e+03
5.518531912238724544e+03,4.736641734767986236e+03,7.706980503139859138e+03
-1.490618500737585236e+03,7.175459162667228156e+03,7.828804041066835453e+03
-5.464309911737721450e+03,1.612669604905212964e+03,8.255346142864558715e+03
-1.887672962269898335e+03,-5.283846475848540649e+03,7.424798817784026141e+03
3.971767637020437633e+03,-4.238385937489229036e+03,6.153265466171074877e+03
3.922859645593735877e+03,3.210655802485984168e+03,6.104357474744372666e+03
-2.050300060883638253e+03,6.685463936884161740e+03,7.262171719170284632e+03
-7.598678819132033823e+03,-4.520824042682312438e+02,6.113297032715454407e+03
-2.408342026087450904e+03,-5.734898641445225621e+03,6.896449551211680955e+03
4.690233307796667759e+03,-3.450303368492131085e+03,6.864050934192511704e+03
5.647688351454853546e+03,5.005101406567969207e+03,7.821505977850697491e+03
-2.905989014386832423e+03,5.899391881601834939e+03,6.398802562912297617e+03
-7.722235359235411124e+03,-5.060984215872890672e+02,5.981331399660393799e+03
-2.134588975761542315e+03,-5.391605068334998577e+03,7.161793508585906238e+03
7.085672233009675438e+03,-9.853239204948040424e+02,9.251080766453836986e+03
3.540242557083295196e+03,2.967196134980730221e+03,5.705651090527457200e+03
-1.456084252827713499e+03,7.418837165945273227e+03,7.840298231519734145e+03
-6.479921346981195711e+03,8.056727999807174001e+02,7.214508032357254706e+03
-1.948211017841208331e+03,-5.135769901100872630e+03,7.339034086948886397e+03
6.972128479060781501e+03,-1.029410465129907152e+03,9.128399632947588543e+03
7.093891412365098404e+03,6.590302199576324711e+03,9.250162566251905446e+03
-3.253226185872976203e+03,5.691152442213802715e+03,6.034018918917117844e+03
-5.968593273284021961e+03,1.386367832870656457e+03,7.715971096336130358e+03
-3.188388916301887548e+02,-3.437030815697087746e+03,8.958541203441607649e+03
4.559057863816932695e+03,-3.373114121180990878e+03,6.705464007985441640e+03
6.945745139170896437e+03,6.511522885574888278e+03,9.092151283339406291e+03
-4.756068777243519889e+02,8.538138709555190871e+03,8.801773217347443278e+03
-5.588753811556080109e+03,1.835477068528076870e+03,8.085218627558724620e+03
-3.860381712585089190e+03,-6.909303862722510530e+03,5.406406451981360078e+03
6.349424437340923760e+03,-1.513477773727520798e+03,8.485238651004085114e+03
5.729341189109300103e+03,5.364388709442770050e+03,7.865155402772461457e+03
-1.207477109442314941e+03,7.875538251766706708e+03,8.059311055124132508e+03
-4.424705972157580618e+03,3.068690563085359827e+03,9.237948378049486564e+03
-2.282268458427100541e+03,-5.262024953405737506e+03,6.973201617231609816e+03
3.630093288260512963e+03,-4.163643267649148584e+03,5.754589413015935861e+03
4.902639123197724075e+03,4.606852298689977943e+03,7.027135247953146973e+03
-3.567152381088577386e+03,5.585028635279228183e+03,5.688317694570131607e+03
-6.280829816456182016e+03,1.281621323430909797e+03,7.369781101923735150e+03
-2.200983738937996804e+03,-5.111685629272482402e+03,7.042442904893564446e+03
3.082687946283681867e+03,-4.641994004981828766e+03,5.195140639211955204e+03
5.230465469040112112e+03,5.003733249176517347e+03,7.342918161968385903e+03
-1.239971170763691362e+03,7.981264450248265348e+03,8.003455473067868297e+03
-6.229425613964846889e+03,1.401962150202066823e+03,7.408417398343277455e+03
-1.573939567926226800e+03,-4.415704833980889816e+03,7.656719169833541855e+03
4.983500816939359538e+03,-2.672244510046328742e+03,7.083185603795840507e+03
2.620356202625690457e+03,2.462560607041918047e+03,4.720040989482171426e+03
-1.113878203094145420e+03,8.176294042197634553e+03,8.116780534665622326e+03
-4.720821369712059095e+03,2.979378110547966571e+03,8.903530184245553755e+03
-1.568736010104132674e+03,-4.341689560065684418e+03,7.648431269305124260e+03
4.336442447138100761e+03,-3.250491163754474655e+03,6.422635775644070236e+03
5.288050566112671731e+03,5.199066686622010820e+03,7.374243894618641207e+03
-2.183735953592803071e+03,7.175248007792088174e+03,7.033431325816452954e+03
-6.379849413723642101e+03,1.389029948783223745e+03,7.230288104967060463e+03
-2.754330190800713353e+03,-5.458603858515424690e+03,6.448623053341633749e+03
5.392662575024607577e+03,-2.125591153621127887e+03,7.464641868263666765e+03
5.792669644032503129e+03,5.772365646788682170e+03,7.864648937271562318e+03
-2.290734378056925834e+03,7.136929465574805363e+03,6.912218866085419904e+03
-7.413413103632225102e+03,4.240073839165784193e+02,6.181788831745028801e+03
-2.350224677183568929e+03,-4.985957219856341908e+03,6.837792983645329514e+03
4.625838001532772978e+03,-2.823874602071025038e+03,6.682881711458383506e+03
5.347074416919243049e+03,5.395311544717360448e+03,7.404118126844853577e+03
-3.481431605577472510e+03,6.014773363096197500e+03,5.706586055251424114e+03
-5.840483933864937171e+03,2.065332000604043060e+03,7.739061952646643476e+03
-9.317701653170620375e+02,-3.499107261069660126e+03,8.240591446646163604e+03
6.148124171560047216e+03,-1.233192985123574772e+03,8.189511832619984489e+03
6.571806586201320897e+03,6.688439160919614551e+03,8.613194247261257260e+03
-2.227394318940748235e+03,7.337206096653097120e+03,6.944967293022475133e+03
-6.196279106224501447e+03,1.777779678711533506e+03,7.366891402110740273e+03
-2.260450024003233011e+03,-4.759544269288775467e+03,6.895536209783653248e+03
6.418535298687775139e+03,-8.945390075287912168e+02,8.443547581571374394e+03
4.733663502727940795e+03,4.918538927913289626e+03,6.758675785611539141e+03
-3.441483623038792757e+03,6.191359643022107775e+03,5.714502610748091683e+03
-7.144077487452285823e+03,8.980646358985932238e+02,6.401999503513277887e+03
-2.695428937302676786e+03,-5.126439844173374695e+03,6.443463779114531462e+03
4.931494700729417673e+03,-2.313496267072305272e+03,6.939413466243338007e+03
3.315896082115427816e+03,3.568854845715620286e+03,5.323814847629348151e+03
-1.144402621101571867e+03,8.556523983374172531e+03,7.994490095315634790e+03
-7.486840320650823742e+03,6.232187163458140731e+02,6.041426257879164950e+03
-1.755804047501244440e+02,-2.538674397975064039e+03,8.945501899231509014e+03
6.357208183424946583e+03,-8.198658707310175942e+02,8.347316536503290990e+03
6.118475992669220432e+03,6.439351669915171442e+03,8.108584345747565749e+03
-3.424246685410743339e+03,6.344596832710759372e+03,5.696835618570888073e+03
-7.788699786899202081e+03,3.891028292927474013e+02,5.721040782406902508e+03
-3.705910969758992906e+02,-2.665941511005526991e+03,8.731965197781850293e+03
5.897319059845085576e+03,-1.212011415115566706e+03,7.868901403699546790e+03
5.625851948013777474e+03,6.014471204455040606e+03,7.597434291868238688e+03
1.053835307909571156e+03,1.089042240522638531e+04,1.015639160266731778e+04
-5.348052401943310542e+03,2.897313552504425388e+03,8.142447913924068416e+03
-2.381996816702819615e+03,-4.609783892476661094e+03,6.701319224616204338e+03
4.937522437413877014e+03,-2.104244699290988137e+03,6.889864527829613507e+03
4.727001142518744018e+03,5.183183737215793371e+03,6.679343232934480511e+03
-2.551980607955046253e+03,7.352169827617554802e+03,6.531335433363976335e+03
-5.115277844226851812e+03,3.197464304400775745e+03,8.355269381007759876e+03
-1.717629909445909107e+03,-3.878040791039858505e+03,7.345733041240347120e+03
4.845848749049617254e+03,-2.128542193475356726e+03,6.778237748832585567e+03
4.869673659448399121e+03,5.393232448325340556e+03,6.802062659231367434e+03
-2.728204462065567441e+03,7.243322167686926150e+03,6.335158488620687422e+03
-8.198581149161305802e+03,1.813431499508544675e+02,5.251301609871647088e+03
-1.284767000865207592e+03,-3.377995731974624050e+03,7.757931483619390747e+03
4.205592988077546579e+03,-2.701615803962894006e+03,6.117317521658857004e+03
5.541435809842543676e+03,6.132176749204018051e+03,7.453160343423854101e+03
-2.053975104538233609e+03,7.984733675698792467e+03,6.988723379946362911e+03
-7.511282586889205959e+03,9.356229230777373687e+02,5.917225846765380084e+03
-1.370047304254060919e+03,-3.396294824508695001e+03,7.651276854852168981e+03
2.545290163674945688e+03,-4.294937417510713203e+03,4.435640371877888356e+03
3.828933424043942978e+03,4.486655574260199501e+03,5.719283632246885645e+03
-2.041483235176102653e+03,8.064206755915705799e+03,6.979840923930126337e+03
-6.412702875741700154e+03,2.100976013373206115e+03,6.993722944685222501e+03
-5.683808787497653157e+02,-2.527855019856436229e+03,8.430860667128801651e+03
5.333437709035679291e+03,-1.440016493002016205e+03,7.201705304010958571e+03
5.141888157071373826e+03,5.866383686435593518e+03,7.010155752046653106e+03
-3.395997246521975740e+03,6.776466123717797018e+03,5.603244299356590091e+03
-8.868049120413796118e+03,-2.878115719009765598e+02,4.515587425372572397e+03
-2.884238335619181271e+03,-4.777153817327938668e+03,6.092213935618830874e+03
3.326656610805346645e+03,-3.380238931834434879e+03,5.172134931140071785e+03
6.166389446185398810e+03,6.957443634947532701e+03,8.011867766520123951e+03
-2.188308330687293619e+02,1.002019119656895600e+04,8.757621438169282555e+03
-8.069667292061219996e+03,5.769073122710030930e+02,5.290474999396321437e+03
-1.314843830331560639e+03,-3.141422256220914278e+03,7.638114186577625333e+03
5.972562967412350190e+03,-6.679955194080279171e+02,7.794547033418248247e+03
4.765971233898199898e+03,5.623362478479736637e+03,6.587955299904097956e+03
-2.504168070315918612e+03,7.801191015141171192e+03,6.448789946593265995e+03
-5.567570486325959791e+03,3.145112690818954434e+03,7.768374308312003450e+03
-1.288086325417380294e+03,-3.048556178494043706e+03,7.640674194672226804e+03
5.422793866153299859e+03,-1.151656047854387907e+03,7.220580435339619726e+03
2.561910816447201796e+03,3.485410633841428535e+03,4.359697385633521662e+03
-2.279431471353233064e+03,8.092036186916545375e+03,6.649329048736372897e+03
-7.475402930553625993e+03,1.303153461559551261e+03,5.835642917634482728e+03
-2.294725394011734807e+03,-3.989322032120135191e+03,6.609136179628017999e+03
5.938430651215015132e+03,-5.701460478244092656e+02,7.711318273951480478e+03
5.777418682160716344e+03,6.766791714523206792e+03,7.550306304897181690e+03
-2.429005957394700090e+03,8.008334915843342060e+03,6.474855616245051351e+03
-8.040890551754347143e+03,8.032968274305469549e+02,5.244556749072477942e+03
-3.328924599723726260e+03,-4.957890250760409799e+03,5.549338426554742910e+03
5.658493910029385006e+03,-7.844518019383231149e+02,7.405782985404566716e+03
5.865469621449278748e+03,6.920473640883486041e+03,7.612758696824460458e+03
-2.688601948837102100e+03,7.814369911472657805e+03,6.189661077441365705e+03
-8.480094965474196215e+03,4.294743078195092494e+02,4.779056091857883075e+03
-3.288986530092941848e+03,-4.852570287020814249e+03,5.562980252690780617e+03
6.514034307048228584e+03,1.364704891893313743e+02,8.235027138928662680e+03
5.263431675790514419e+03,6.383817589333532851e+03,6.984424507670949424e+03
-1.542283896304805467e+03,9.026069858113763985e+03,7.309682886478915862e+03
-7.168103861405674252e+03,1.806591353158701622e+03,6.064055217341237039e+03
-1.846485449667641433e+03,-3.344943265324842287e+03,6.978489354530914170e+03
4.961275955823396544e+03,-1.351161920764828437e+03,6.655276809118664460e+03
3.312285999257406274e+03,4.497797854071095571e+03,5.006286852552673736e+03
-3.122115785261189558e+03,7.511363910428051895e+03,5.702859018937364453e+03
-7.565944010037425869e+03,1.473614338486113638e+03,5.638529372553182839e+03
-2.635983749381728103e+03,-4.069578431079765323e+03,6.161305358660524689e+03
3.748899335490821613e+03,-2.498675407138240189e+03,5.415214492629786946e+03
3.988583128368462440e+03,5.238958117141315597e+03,5.654898285507428227e+03
-1.632709017677858810e+03,9.065633811970545139e+03,7.164580090364393072e+03
-5.179876020577279633e+03,3.924275805738693634e+03,7.996220022497747777e+03
-1.448033320835787208e+03,-2.817034524741390669e+03,7.320878447690885878e+03
6.354705979490512618e+03,1.717247146538852576e+02,7.992643797113898472e+03
5.116431255901885379e+03,6.431399722467172069e+03,6.754369073525270323e+03
-1.301709466267145899e+03,9.461226841173693174e+03,7.467202302259525823e+03
-7.591749895574974289e+03,1.576718909351585125e+03,5.555279295751037353e+03
-1.728446412986904306e+03,-3.033130638281922074e+03,7.011398503790751420e+03
3.901055022470627591e+03,-2.217609263755414759e+03,5.509925988344995858e+03
6.315757767133505695e+03,7.695043212309379669e+03,7.924628733007873961e+03
-1.552228941574188866e+03,9.275024344477236809e+03,7.187615975203465496e+03
-5.812555967489216528e+03,3.419946479918921796e+03,7.304719048120564366e+03
-2.372074693689458854e+03,-3.612725276502897941e+03,6.338016047371966124e+03
4.270565616875172054e+03,-1.784065026869291160e+03,5.849682407033309573e+03
4.938376307715177063e+03,6.381695395372627900e+03,6.517493097873314582e+03
-3.215712552509858597e+03,7.675574376023144396e+03,5.494378188551565472e+03
-5.036327649383986682e+03,4.259918273731373120e+03,8.050508112180375974e+03
-1.811748590258226841e+03,-2.988655697364444222e+03,6.867902896757779672e+03
4.523150055477237402e+03,-1.467737112560004334e+03,6.071827591589956683e+03
5.302718776179733140e+03,6.809781339544406364e+03,6.851396312292452421e+03
-1.244862764008846398e+03,9.710167640231378755e+03,7.434788723007159206e+03
-7.284087758990507609e+03,2.075604648954253662e+03,5.771625973445336058e+03
-5.768553186585038475e+02,-1.690315940935319759e+03,8.071674139228984131e+03
3.801802452299252309e+03,-2.125638230908587957e+03,5.319357959283452146e+03
4.307052735051980562e+03,5.877561783246054802e+03,5.824608242036180854e+03
-3.765323867405044439e+03,7.253153021664581502e+03,4.883205590482441949e+03
-6.796119488709690813e+03,2.626715595871502501e+03,6.227791800609840720e+03
-1.158387719943364118e+03,-2.208705665583748214e+03,7.458339294827811500e+03
4.944428958238916493e+03,-9.198690483324915022e+02,6.430182022106804652e+03
3.909554865950481599e+03,5.543206590780988336e+03,5.395307929818369303e+03
-3.372026657145391255e+03,7.709592908560667638e+03,5.244700357625782999e+03
-3.945860782025613844e+03,5.539806360725175182e+03,9.045570069380184577e+03
2.715048201630906988e+00,-9.847708392691572499e+02,8.586961625059073413e+03
4.480609585689438973e+03,-1.320856362712373084e+03,5.933882211643594928e+03
5.477617729951484762e+03,7.174101512951587210e+03,6.930890355905639808e+03
-4.888433366447061417e+02,1.065560828723094892e+04,8.095403240212735000e+03
-7.884260758346188595e+03,1.663921021134447983e+03,5.074014137884485535e+03
-2.759518502671382066e+03,-3.684489753412322443e+03,5.791572119010936149e+03
1.935277513617129898e+03,-3.803673798054834606e+03,3.355394184396160654e+03
4.486189882758297244e+03,6.245188302488247245e+03,5.906306553537328000e+03
-1.834022950219155518e+03,9.372943310386346639e+03,6.717067671463161787e+03
-6.922801383891385740e+03,2.687570815473952734e+03,6.001644576039633648e+03
-3.501600106118847634e+03,-4.364380936975086115e+03,5.015661579263815838e+03
3.675331718863855713e+03,-2.001429172923407350e+03,5.061619453343231726e+03
4.690433056812265022e+03,6.511621896426917374e+03,6.076720791291641035e+03
-4.399688744181901257e+02,1.082918780607201370e+04,8.077292810964472665e+03
-5.580310528647277351e+03,4.091921086193334304e+03,7.309636108856946521e+03
-3.010508095876435164e+03,-3.811429511257400918e+03,5.472254267079432793e+03
6.108383385953593461e+03,4.934819096416038064e+02,7.460171798006173958e+03
5.718532435873124996e+03,7.601580690963050074e+03,7.070320847925705493e+03
-1.432915168660649215e+03,9.898100927304829384e+03,7.049847194295217378e+03
-6.068094998982413927e+03,3.665658247481711442e+03,6.786684584089981399e+03
2.152684273987827055e+02,-5.241313563586686541e+02,8.662863735922823253e+03
6.130005257422698378e+03,5.766254127342228912e+02,7.446626615043450329e+03
6.231738094572552654e+03,8.176307981285991445e+03,7.548359452193304605e+03
-2.980005357271222238e+03,8.412532370317769164e+03,5.467589951252815808e+03
-6.606175998629141759e+03,3.188754324574593738e+03,6.212771511521725188e+03
-1.610126360040995678e+03,-2.288349067058837136e+03,6.801636875561515808e+03
5.645169697414052280e+03,1.529669294651862970e+02,6.925958982113275852e+03
5.200654498751941901e+03,7.206401462204990821e+03,6.481443783451165473e+03
-1.694856641588449293e+03,9.758858162740150874e+03,6.716906594014060829e+03
-4.951201583587038840e+03,4.904554499146246599e+03,7.831251608334001503e+03
-1.950573138253172147e+03,-2.567970085741464572e+03,6.424695779119512736e+03
6.740058782560593500e+03,1.308681774141277174e+03,7.984353749029990468e+03
5.129313816551993114e+03,7.195886539534591066e+03,6.373608783021390082e+03
-2.129172290325672748e+03,9.385368273532476451e+03,6.246096627047010770e+03
-8.296920364488953055e+03,1.619303407247233054e+03,4.448379097018384527e+03
-1.107149925392734986e+03,-1.664079183878125377e+03,7.230965261566248046e+03
4.081238568565994228e+03,-1.289670750850420518e+03,5.288379804621688891e+03
5.241697905140743387e+03,7.368738317126243601e+03,6.448839141196438504e+03
-1.952309317995115862e+03,9.622698934865937190e+03,6.385805868963865578e+03
-7.443821891575913469e+03,2.532504754640990541e+03,5.263667320682408899e+03
-3.168839688313823899e+03,-3.665666072318497754e+03,5.131465249396142099e+03
4.524366214280357781e+03,-7.864402306553398603e+02,5.693697201087035864e+03
4.636254938406067595e+03,6.823398224872285027e+03,5.805585925212745678e+03
-4.983321093751337685e+03,6.651790033590431449e+03,3.316983843958626494e+03
-6.185807997261143100e+03,3.850249974559440943e+03,6.483217400770618951e+03
-1.926465402580019600e+03,-2.363560460981013421e+03,6.335375720903386537e+03
6.357474756282436829e+03,1.106399636950418881e+03,7.488341928862555505e+03
4.560206831954138579e+03,6.807081444024035591e+03,5.691074004534257256e+03
-2.416153814725842039e+03,9.278688638219606219e+03,5.845687308757563187e+03
-4.891751146407935266e+03,5.203659877753008004e+03,7.738159887075700681e+03
-1.241328719476119659e+03,-1.619070725536752889e+03,6.981398039459160827e+03
4.731802363080834766e+03,-4.599197039108228182e+02,5.823555171112827338e+03
3.050415848695717159e+03,5.356643513105975217e+03,4.142168656727710186e+03
-1.622299435649071484e+03,1.013189606963673759e+04,6.600427323286206956e+03
-4.557227459070567420e+03,5.597151630086098521e+03,8.032921735290301513e+03
-2.629336083222166053e+03,-2.948110024287077977e+03,5.553628836590347419e+03
5.491490301671628913e+03,3.587362996756925781e+02,6.543481270580854471e+03
4.961611858926286914e+03,7.326807588332265368e+03,6.013602827835512471e+03
-4.412870286220993421e+02,1.137187654165943059e+04,7.741677891190412993e+03
-7.675460052806041858e+03,2.537495410570381864e+03,4.874282964991745757e+03
-5.602755280433955249e+02,-8.204730948885494399e+02,7.582283215206036402e+03
5.853000060597877564e+03,7.788224328216992944e+02,6.864584852944021804e+03
5.139079276413793195e+03,7.562851380039529431e+03,6.150664068759937436e+03
-7.016283939479988021e+02,1.117011155055328891e+04,7.440930349301432216e+03
-5.724364070731382526e+03,4.546769383661385291e+03,6.784331631884746457e+03
-1.961911061175707346e+03,-2.163930637004516029e+03,6.139600366892065722e+03
6.432513465110147990e+03,1.416513828350314725e+03,7.403050942274633599e+03
2.520052682604411984e+03,5.002002777246494588e+03,3.490590159768897593e+03
-1.463063998943552406e+03,1.046685393657408167e+04,6.638447429124219525e+03
-6.607982973076366761e+03,3.720923408068663775e+03,5.859027536552125639e+03
-7.826627933345898782e+02,-9.269094424111365242e+02,7.277163441745547061e+03
3.437715113662757176e+03,-1.520511596344813825e+03,4.366567397839606201e+03
5.709044949623654247e+03,8.248767971017998207e+03,6.637897233800503273e+03
-1.741513103755405837e+03,1.024617775851449187e+04,6.318313131324729511e+03
-7.817682444370047051e+03,2.568585129941389823e+03,4.607008317575098772e+03
-2.662124230625432574e+03,-2.749009686535572655e+03,5.355382256771357788e+03
5.485592006820114875e+03,5.847264899789497576e+02,6.372124543313617323e+03
4.590085108730238971e+03,7.187169323290989269e+03,5.476617645223741420e+03
-2.782508549454269541e+03,9.262543505982032002e+03,5.234997937942519457e+03
-7.157810163643829583e+03,3.285400213046782937e+03,5.223929681640163835e+03
-2.180211975314778556e+03,-2.210154628845742536e+03,5.794343595420858946e+03
3.881779707045929172e+03,-9.621430074160593904e+02,4.725361326878279215e+03
5.500630032282949287e+03,8.154657049222875685e+03,6.344211652115299330e+03
-3.539644071060922215e+03,8.562350786754555884e+03,4.434911499674713923e+03
-5.814784974561242961e+03,4.684943169031448633e+03,6.523376233722405232e+03
-1.615666698950021555e+03,-1.589091585578907143e+03,6.315310234785270950e+03
3.783552366823764260e+03,-1.003852580736145683e+03,4.583555349655769533e+03
4.788716147360833020e+03,7.499260931202838037e+03,5.588719130192837838e+03
-3.801564642537782674e+03,8.356947982179774044e+03,4.129412291197508239e+03
-6.710930221325077582e+03,3.844884021915090216e+03,5.583028141494378360e+03
-2.518113689440530379e+03,-2.435452476421940446e+03,5.368660398830569648e+03
4.796063464806714364e+03,6.474461689428005684e+01,5.551863602174526932e+03
4.919151188608242592e+03,7.685782072097723358e+03,5.674951325976055159e+03
-2.956989927581724260e+03,9.257608796783308208e+03,4.929784160689374403e+03
-7.226469387246063889e+03,3.384992669932676563e+03,5.022665497076213796e+03
-1.336756431032563341e+03,-1.198447404075400527e+03,6.505194178741358883e+03
5.413850900013107093e+03,7.381798660392454394e+02,6.124827558883741403e+03
6.811044218826577890e+03,9.633322916254630400e+03,7.522020877697212200e+03
-2.636414343993144939e+03,9.633832194310462000e+03,5.205536265780775466e+03
-5.331137247321610630e+03,5.335527733376664401e+03,6.872557164778371771e+03
-1.168097461200680755e+03,-9.745855107239829067e+02,6.628412676350945731e+03
4.331026931236280689e+03,-2.894411792180461589e+02,4.996563117884619714e+03
5.144023703585332441e+03,8.021505324532920895e+03,5.809559890233671467e+03
-2.066284177580481355e+03,1.025916528424265744e+04,5.730225959971144221e+03
-5.460030218208474253e+03,5.261386205055649043e+03,6.697610431452948433e+03
-2.151758226906025357e+03,-1.903494833863479471e+03,5.598698148207041413e+03
5.053051186672028052e+03,4.873345187835495835e+02,5.672533610881807363e+03
6.627309587821478090e+03,9.559542651334915718e+03,7.246792012031257400e+03
-1.984978161934106538e+03,1.039522274245488188e+04,5.765478213178958868e+03
-5.952433594993857696e+03,4.823276213965117677e+03,6.158543770048917395e+03
-4.363734526739106059e+02,-1.338166739365124158e+02,7.267419637820508797e+03
6.052586393446424154e+03,1.541163111252797989e+03,6.625405533037555870e+03
5.157422100125833822e+03,8.143948549334122617e+03,5.730241239716965538e+03
-1.954338048912644354e+03,1.048015624117119660e+04,5.749455041581773912e+03
-5.861107080224425772e+03,4.968431496711002183e+03,6.202601310911664768e+03
-3.914047926673725215e+03,-3.557662379959874670e+03,3.742476189914009410e+03
5.029374231876840895e+03,5.717797176596671989e+02,5.554924397561288060e+03
5.981721029255492795e+03,9.022076246440234172e+03,6.507271194939939960e+03
-2.378496026926292870e+03,1.010982703113400021e+04,5.278028089661440390e+03
-5.702254042144922096e+03,5.180642139734539342e+03,6.313583583874980832e+03
-2.083287472955033536e+03,-1.673544321297149509e+03,5.525365878516513476e+03
5.275339838616345332e+03,8.711029293432051190e+02,5.753019239184604885e+03
5.230599208612195980e+03,8.324312030740971750e+03,5.708278609180455533e+03
-2.105120206478580258e+03,1.043656045652574721e+04,5.503533144992965390e+03
-7.867681867548277296e+03,3.068094226936756968e+03,4.099687165743386686e+03
1.665350473241289819e+02,6.291581115875860633e+02,7.726719806067437275e+03
6.079935929356365705e+03,1.728578932688798659e+03,6.509146737196386312e+03
7.170359902023480572e+03,1.031695263675782735e+04,7.599570709863501179e+03
-3.198405709093452970e+03,9.396154866516446418e+03,4.361779049649854642e+03
-7.872626786327826267e+03,3.115545015612132374e+03,4.045679856074105373e+03
-7.708885037414604540e+02,-2.558697320230789956e+02,6.740233864112115043e+03
6.003047785581440621e+03,1.704086496368797270e+03,6.383196202531727977e+03
5.491224374588729916e+03,8.690212816778001070e+03,5.871372791539018181e+03
-4.048187889963899579e+03,8.598768393100923277e+03,3.462934477889674781e+03
-6.248760481916983736e+03,4.791316326506282167e+03,5.619894067073074439e+03
-2.950830791109063284e+03,-2.383907012907374337e+03,4.510639483332639429e+03
6.815825380715864412e+03,2.568769097986528777e+03,7.146321704254279211e+03
6.002804119864499626e+03,9.253697568537078041e+03,6.333300443402914425e+03
-2.613159610377922036e+03,1.008570167917020808e+04,4.848310664063778859e+03
-6.838223211115357117e+03,4.253261424498937231e+03,4.980193704105883626e+03
-3.994995076964022701e+03,-3.376663471571305308e+03,3.416237563708862581e+03
4.527968320551281067e+03,3.323198650129738780e+02,4.808227010320878435e+03
5.725351190184505867e+03,9.027652466048113638e+03,6.005609879954103235e+03
-3.228977684411656355e+03,9.521291432327503571e+03,4.182254956261227562e+03
-8.448753376922528332e+03,2.693635446291056269e+03,3.318844593202139095e+03
-2.246614540671766918e+03,-1.577378747679759272e+03,5.113799154904545503e+03
6.324238782381996316e+03,2.179494514442980289e+03,6.553678527055020822e+03
5.526992121930409667e+03,8.880197585393309055e+03,5.756431866603434173e+03
-2.048871624682054971e+03,1.075230167965639703e+04,5.311542070894255630e+03
-5.860026864788208513e+03,5.332756064687692742e+03,5.856175145144477938e+03
5.373782005329546791e+02,1.257008099787278752e+03,7.846395935917285897e+03
5.741581388504693678e+03,1.647231226827993396e+03,5.919625172985736754e+03
4.771256102476148953e+03,8.174855672201364541e+03,4.949299886957192030e+03
-1.219050380056024096e+03,1.163251703054474274e+04,6.089967355328305530e+03
-4.874871197824159026e+03,6.367789333931334113e+03,6.789362200596554430e+03
-2.593485950631616561e+03,-1.823978449097700377e+03,4.663563173240740980e+03
4.533434646249803336e+03,4.889620868526951654e+02,4.659509819218873417e+03
5.087428213672206766e+03,8.540905385677013328e+03,5.213503386641276848e+03
-2.963768479489922356e+03,9.937676533390434997e+03,4.293280644382433820e+03
-6.224029293395115019e+03,5.067985933668679536e+03,5.387667273852526705e+03
-3.366762593116362041e+03,-2.547900396274144441e+03,3.837749699582924222e+03
6.756874561502594588e+03,2.761756697413788061e+03,6.830412903298592937e+03
5.559142161546796160e+03,9.061974028859904138e+03,5.632680503342794509e+03
-1.878227919033700346e+03,1.107257178915495933e+04,5.326284373665584098e+03
-6.938267368529934174e+03,4.402573264109876618e+03,4.620328647766722497e+03
-1.728401367761655138e+03,-8.607137653434215281e+02,5.423010373986646300e+03
4.922307527519345058e+03,9.760150690065540857e+02,4.942745318364358354e+03
3.816862701834895233e+03,7.368519974724018539e+03,3.837300492679908530e+03
-7.002060975114857229e+02,1.229941901625318860e+04,6.451205644236813896e+03
-5.812828651473477294e+03,5.576301735059816565e+03,5.692107662542645812e+03
-8.372788925815916627e+02,7.869846373012501317e+01,6.260473146886175527e+03
5.781606404905427553e+03,1.883603700286120329e+03,5.748384493469907284e+03
6.915851683179665997e+03,1.051579870996227328e+04,6.882629771744145728e+03
-2.346679641520091536e+03,1.070123522613806927e+04,4.751072397947674290e+03
-7.278418562753274273e+03,4.158459585447715654e+03,4.172303535007094069e+03
-2.441049400017800053e+03,-1.477324282038387310e+03,4.602488423194212373e+03
5.266032179699237531e+03,1.415777236747625466e+03,5.178596052007962498e+03
6.381221493120154264e+03,1.002891628157045670e+04,6.293785365428879231e+03
-3.516724819274504625e+03,9.578937810051351335e+03,3.526813003937506437e+03
-7.172945846330830136e+03,4.311131752785245226e+03,4.223012227799304128e+03
-2.404437384448532612e+03,-1.393512815554034432e+03,4.584336415133246192e+03
6.582295405566992486e+03,2.779239913530465856e+03,6.440095254245483375e+03
5.403512171286811281e+03,9.098406410652201885e+03,5.261312019965302170e+03
-2.059874151543022890e+03,1.108298792869791941e+04,4.928899648038754094e+03
-4.588872040760654272e+03,6.941850402630368990e+03,6.751776978551790307e+03
-9.055496835994356388e+02,1.520197295700104405e+02,6.027915061164652798e+03
5.393458499579946874e+03,1.637047851818368599e+03,5.195949293440748079e+03
5.162729868540169264e+03,8.904268952180505948e+03,4.965220662400970468e+03
-1.905673231514248982e+03,1.128383369300163940e+04,5.027791513249838317e+03
-6.085756651285918451e+03,5.491049757128135752e+03,5.199043128133705068e+03
-3.491944316822367909e+03,-2.388290938629890661e+03,3.385671188048900149e+03
5.431234765410770706e+03,1.720908082672223827e+03,5.177876319378750850e+03
3.521276595338285915e+03,7.308899644001653542e+03,3.267918149306266059e+03
-2.729966459677445073e+03,1.050562442986147471e+04,4.147649045193821621e+03
-5.727855776655611407e+03,5.894467468843768074e+03,5.500559494171677215e+03
-8.737839173241591197e+02,2.753862979536431794e+02,5.947447078954774042e+03
6.925927877965645166e+03,3.261118032312422656e+03,6.616184923341290414e+03
5.363344571358657049e+03,9.196484457107349954e+03,5.053601616734302297e+03
-3.192498716180062274e+03,1.008860901044418279e+04,3.628732280098869523e+03
-6.941753762201346944e+03,4.725512968350089068e+03,4.229746718309575044e+03
-2.963644486788067297e+03,-1.769530786458208695e+03,3.800671719174498776e+03
6.289750046624953939e+03,2.669883686023787959e+03,5.923092301684232552e+03
4.782924962796591899e+03,8.661008333597341334e+03,4.416267217855870513e+03
-2.236613980069521403e+03,1.108943723160678019e+04,4.527702225893043760e+03
-6.525339406675610007e+03,5.186291258067622948e+03,4.588721059705311745e+03
-2.346735614840816197e+03,-1.108257980319160424e+03,4.360140576991750095e+03
5.116067112480452124e+03,1.540564686071083770e+03,4.691969353409730502e+03
4.713829759933325477e+03,8.636277064925870945e+03,4.289732000862603854e+03
-3.039077586960365807e+02,1.306650738717206150e+04,6.402968433136527892e+03
-6.636577330373094810e+03,5.118831544835993554e+03,4.419523027242610624e+03
-1.236098977009828559e+03,4.615686797768182714e+01,5.412817106057520505e+03
4.873815208672446715e+03,1.342090992728932633e+03,4.391757340836507865e+03
6.233338213930072016e+03,1.019956372938847198e+04,5.751280346094133165e+03
-4.802107348718197954e+02,1.293398262146213347e+04,6.168705348195528131e+03
-4.619380198073105930e+03,7.179215017678767254e+03,6.378245156919567307e+03
-8.065521240243776901e+02,5.188900615059174015e+02,5.783888956419939859e+03
7.210330510908299402e+03,3.721792635507569685e+03,6.669797640449329265e+03
3.085713295741440561e+03,7.095125151742626258e+03,2.545180425282470424e+03
-8.623970170455711468e+02,1.259498267983116602e+04,5.728044063398745493e+03
-4.987685676154121211e+03,6.853497891410813281e+03,5.950955055062598149e+03
-2.326648417927965966e+03,-9.586178805846086561e+02,4.204808038740397933e+03
6.848097086696106089e+03,3.402147563108439044e+03,6.248579592461182074e+03
5.500605834737726582e+03,9.552606042551973587e+03,4.901088340502802566e+03
-6.489474381042691675e+01,1.343507330487937179e+04,6.466561712857935163e+03
-7.106114530366368854e+03,4.777053309602570152e+03,3.773037300879620034e+03
-2.350882491218953419e+03,-9.408676814715905721e+02,4.121085065478680008e+03
6.113535659739187395e+03,2.709570408555525319e+03,5.454529265533532453e+03
3.459179300911446262e+03,7.553163781129699601e+03,2.800172906705792229e+03
-3.410098890950308487e+03,1.013185343014349746e+04,3.061868665747324030e+03
-7.707956493714811586e+03,4.216585477448970778e+03,3.111207578899771306e+03
-2.515915756931705801e+03,-1.064526815989500619e+03,3.896064041134522085e+03
5.170839189951961998e+03,1.808248069963142825e+03,4.451845037114901970e+03
5.082707009928148182e+03,9.218065621341243968e+03,4.363712857091088154e+03
-1.748833913790841052e+03,1.183449253849780689e+04,4.663145884275385470e+03
-5.478374180006676397e+03,6.486925748988980558e+03,5.280308765745185156e+03
-3.577943797254092260e+03,-2.085796898480012715e+03,2.773554873949413377e+03
4.185721193504465191e+03,8.638880313475206094e+02,3.406245913804683369e+03
5.247701276248506474e+03,9.423817845493476852e+03,4.468225996548724652e+03
-2.269447677132855915e+03,1.135463673298766480e+04,4.082050994070648812e+03
-6.058798262070768942e+03,5.946637449668825866e+03,4.638915752227335361e+03
-3.213401370585180302e+03,-1.681118689067162904e+03,3.077128369164568085e+03
6.649455412027492457e+03,3.367758032614486183e+03,5.809011200873953385e+03
4.921044398878721040e+03,9.137296750867628361e+03,4.080600187725181968e+03
-3.889185458826129889e+03,9.775034734038330498e+03,2.401344280923617589e+03
-5.965849180448813058e+03,6.079094168448763412e+03,4.670413734967309210e+03
-1.463717346158528926e+03,1.080729725174703049e+02,4.765361294709237882e+03
5.104704825436606370e+03,1.862515083181581076e+03,4.202809515401085264e+03
5.375996427552787281e+03,9.631756416699676265e+03,4.474101117517266175e+03
-2.002192406260516691e+03,1.170153542376192490e+04,4.226886234607248298e+03
-4.300425155042386905e+03,7.783391746969929955e+03,6.273910205056121413e+03
-3.376879771919697305e+03,-1.766215900128958310e+03,2.790271313630455552e+03
6.150593007392513755e+03,2.947276818252228168e+03,5.186770142039378698e+03
4.967315108667050481e+03,9.261948650928679854e+03,4.003492243313915878e+03
-1.298329999097324617e+03,1.244427138403985737e+04,4.868821086452826421e+03
-8.221811351894213658e+03,3.900239113602777252e+03,2.290125781575961810e+03
-2.740019152591311467e+03,-1.091121717315897513e+03,3.364733706330508539e+03
4.162615018875623718e+03,9.975323932200132049e+02,3.136393926894155811e+03
6.806743969033277608e+03,1.113961107477958103e+04,5.780522877051809701e+03
-1.773013485022058603e+03,1.200782146159979675e+04,4.331739373899759812e+03
-6.284178003059797447e+03,5.875460164421226182e+03,4.164896092026066071e+03
-1.313713968264895584e+03,3.727711689945508624e+02,4.728175852272612246e+03
3.379399533165973480e+03,2.519046094943957996e+02,2.290315402800193624e+03
4.557318819952713966e+03,8.927773627683052837e+03,3.468234689586934110e+03
-2.965349042555322285e+03,1.085307360605056783e+04,3.076540777982184409e+03
-5.174877316227433766e+03,7.021696854444611745e+03,5.210874862994746763e+03
-1.740005032944466620e+03,-1.658389249399832011e+01,4.238562871729358449e+03
4.986001060573829818e+03,1.895442140093273792e+03,3.833595014344367428e+03
6.803236467669711601e+03,1.121062727859107144e+04,5.650830421440249665e+03
-1.383234542010799487e+03,1.247212410978611297e+04,4.595333362663024673e+03
-6.251605453758403200e+03,5.981247219475827478e+03,4.070371941405480811e+03
-2.203149761235111782e+03,-4.434501182224583999e+02,3.711643359380416314e+03
5.099259031950227836e+03,2.044978614031856523e+03,3.883078201662468018e+03
5.423127491859880138e+03,9.866796805343425149e+03,4.206946661572121229e+03
-1.397751905710407527e+03,1.249388524864869032e+04,4.517041214905118977e+03
-6.704447919362989524e+03,5.564019990320150100e+03,3.553307908120970751e+03
-2.101427328574179228e+03,-3.061124491126169005e+02,3.749144224361425586e+03
4.703612995352133112e+03,1.684947813882671426e+03,3.423210597384450921e+03
5.487194257016910342e+03,9.966478806949362479e+03,4.206791859049227241e+03
-2.575554088865749691e+03,1.135169830194225506e+04,3.275017464069854213e+03
-8.020655947117265896e+03,4.282758204679909795e+03,2.172437689199871784e+03
-3.871823505223592747e+03,-2.041562383647994238e+03,1.914085856545189245e+03
5.249641017136868868e+03,2.265922077781443477e+03,3.904576428002363627e+03
6.074758878370869752e+03,1.058898967041735887e+04,4.729694289236364057e+03
-1.514264488259495010e+03,1.244793414466254580e+04,4.271644873509285389e+03
-5.926208726725876659e+03,6.411476982819977820e+03,4.201788330900553774e+03
-3.741952957890499874e+03,-1.877420278566222578e+03,1.978859825187574870e+03
6.037011234039860938e+03,3.087563852433114334e+03,4.626850066214647995e+03
4.359248527230907712e+03,8.907750877026075614e+03,2.949087359405695224e+03
2.446847365171504407e+02,1.424115492718786845e+04,5.965497519595223821e+03
-5.985351682059731502e+03,6.385925249975233783e+03,4.077120721402579875e+03
-6.020912689252800192e+02,1.296032632888108083e+03,5.053196859988674987e+03
5.669468327275483716e+03,2.753612168157847464e+03,4.193782505286151718e+03
3.796314023566148080e+03,8.378407595850425423e+03,2.320628201576815627e+03
-3.307252007790100834e+03,1.072280940536972776e+04,2.348036121123852809e+03
-5.855189876768778959e+03,6.548992331699974784e+03,4.141336185445306000e+03
-2.016182744582679334e+03,-8.515356633550285892e+01,3.573159043083049710e+03
5.677162219004884719e+03,2.794211336321036924e+03,4.135530055767326303e+03
5.457668242800429653e+03,1.007266709151849682e+04,3.916036079562870782e+03
-1.752729630646476835e+03,1.231023705894714294e+04,3.836612157019250844e+03
-8.747979604726435355e+03,3.688416364402849467e+03,1.182184894126598920e+03
-2.024035391919736412e+03,-6.079245301202794138e+01,3.498944832384942856e+03
4.407384089236648833e+03,1.556646967213333028e+03,2.799390362638040642e+03
4.592299232503841267e+03,9.239511841882442241e+03,2.984305505905233076e+03
-4.410200529230111897e+03,9.684979921024039868e+03,1.112779695074566462e+03
-7.383644746620725527e+03,5.084267939752321581e+03,2.479749508546191919e+03
-2.523612490147850622e+03,-5.288528339963806957e+02,2.932597490470710909e+03
4.367297363557372591e+03,1.548076958777818618e+03,2.692533393272647118e+03
4.815720798675618425e+03,9.494450125297980776e+03,3.140956828390892952e+03
-2.074963155913337687e+03,1.205173401158457636e+04,3.381246824705222480e+03
-4.916395711278970339e+03,7.582331164365972654e+03,4.879826238706369622e+03
-1.113623395546630491e+03,9.119504498767352061e+02,4.275414279890354010e+03
6.334098813283892014e+03,3.545692597776233015e+03,4.592162537817588600e+03
6.228816864047157651e+03,1.093836037994141589e+04,4.486880588580855147e+03
-5.190955861892125540e+02,1.363841577058059738e+04,4.869942089247771037e+03
-5.972384956822974345e+03,6.556448139686751347e+03,3.756269322572619330e+03
1.257878924229006543e+03,3.313558990517155053e+03,6.579348929076244531e+03
4.533906217500967614e+03,1.775606222858092224e+03,2.724402271444918370e+03
5.003030583113107241e+03,9.742680319872146356e+03,3.193526637057057087e+03
-1.726721794141316423e+03,1.246089578349327530e+04,3.594748210705920428e+03
-6.811490254553904379e+03,5.746735699147142441e+03,2.849207762394533802e+03
-2.450748532587276713e+03,-3.656756091078071336e+02,2.802765209812805551e+03
6.653812297756019689e+03,3.924905160304465426e+03,4.776352089252814949e+03
5.338835371382181620e+03,1.010787796533254186e+04,3.461375162878976425e+03
-7.513601687583759485e+02,1.346565026606753599e+04,4.502153573641705407e+03
-6.023545453499554242e+03,6.563354644688559347e+03,3.568814560353851448e+03
-9.691726490589189780e+01,2.016829803060644508e+03,5.088258474399158331e+03
7.008192255694731102e+03,4.307959262730243609e+03,5.062394044096493417e+03
6.232370036533173334e+03,1.103008677497059944e+04,4.286571824934935648e+03
-1.117189720566741698e+03,1.312849485874623679e+04,4.067986018738306939e+03
-5.434580784318035512e+03,7.180269443942041107e+03,4.089066414845080999e+03
-9.639964363663564200e+02,1.177700761672142107e+03,4.152466488248403948e+03
6.600095290424274936e+03,3.927812427531749563e+03,4.585584264135748526e+03
5.045352460098923075e+03,9.871019328608312208e+03,3.030841433810395756e+03
-1.580033845592829039e+03,1.269360086379211134e+04,3.536429079021930193e+03
-7.533967836288814397e+03,5.108103254339416708e+03,1.920598743657272507e+03
-4.802394629543111932e+02,1.688678597452342729e+03,4.567142842443419795e+03
6.711575532101654971e+03,4.066513531577284084e+03,4.627983886596097364e+03
5.902033113654236331e+03,1.075492084453178177e+04,3.818441468148679633e+03
-2.581710446805423089e+03,1.171914512494767405e+04,2.465671858592306307e+03
-7.296042995027748475e+03,5.372514486518296508e+03,2.089082246419855892e+03
-1.142594331632764806e+03,1.052810119691703221e+03,3.835346635266483645e+03
3.651969189801788161e+03,1.033393580195231607e+03,1.498936205797748698e+03
5.851702767398245669e+03,1.073107688919360407e+04,3.698669783394206206e+03
-1.521401944883280066e+03,1.280594001778763050e+04,3.456539022015967021e+03
-5.061958317682921916e+03,7.632345930264220442e+03,4.253372029555135668e+03
-1.058522060810965513e+03,1.162629156914599662e+03,3.849624011878736383e+03
5.200466673069804528e+03,2.607637829864345349e+03,2.977638794856218738e+03
6.507301916017935582e+03,1.141242280421439318e+04,4.284474037804349791e+03
-3.221524070434710666e+03,1.113156465863729682e+04,1.686622002254989638e+03
-7.749636700116572683e+03,4.969669588484576707e+03,1.495552439231702465e+03
-2.368474137424607761e+03,-1.223208790450356105e+02,2.469530727375311471e+03
3.107570717110711030e+03,5.397439145592588829e+02,8.146016310073428031e+02
4.594894091756277703e+03,9.525017020606741426e+03,2.301925005652909931e+03
-1.631506778704085491e+03,1.274658399102192925e+04,3.206498086095832605e+03
-6.064553278246210539e+03,6.679005277041396766e+03,3.110155660145091133e+03
-1.839982476624240917e+03,4.304230484417900584e+02,2.927542187218705294e+03
6.912606052282581004e+03,4.369031516417588136e+03,4.549156765222240210e+03
6.777588460587617192e+03,1.173196365612453883e+04,4.414139173527276398e+03
-1.556583309894116610e+03,1.284575972651835764e+04,3.210941353948828692e+03
-7.224728388488733799e+03,5.542327665499116847e+03,1.879168755181353390e+03
-3.463708469257588149e+03,-1.169805445491314686e+03,1.233004399864143352e+03
6.201891806303779958e+03,3.681814769139029067e+03,3.767630724522223773e+03
5.079145369285676679e+03,1.005701806352284075e+04,2.644884287504120948e+03
-2.223663463304471861e+03,1.220217707180824436e+04,2.473049405817258503e+03
-4.804877020186107984e+03,7.984916825908754618e+03,4.227884213084398652e+03
-2.003154512112223756e+03,3.134863037610608671e+02,2.622422446609927192e+03
3.869792047378444749e+03,1.372452802320704905e+03,1.364395055197308011e+03
6.183485141319163631e+03,1.118409562766333875e+04,3.678088149138027347e+03
-2.477199376432887220e+03,1.197137895078684051e+04,2.148377582289262136e+03
-7.804487895030058098e+03,5.007279154611134800e+03,1.156820869109153364e+03
-1.600029340707025085e+03,7.385846787125906303e+02,2.954095148883830916e+03
5.717216805199734154e+03,3.241850763688325060e+03,3.140367343887302013e+03
6.547790417398906357e+03,1.157037410728941177e+04,3.970940956086474671e+03
-1.175955887068349057e+03,1.329459564369770851e+04,3.378168602522505353e+03
-4.560537994381489625e+03,8.272432846163368595e+03,4.329009377764170495e+03
-1.836252205981250199e+03,5.235656043420308379e+02,2.646110891616054687e+03
3.853412029272276413e+03,1.399249778664533096e+03,1.204801175966293613e+03
3.985283313575503598e+03,9.029070794369674331e+03,1.336672460269520570e+03
-5.029734881845661221e+02,1.398878183348515631e+04,3.979389609412737627e+03
-4.703749544970073657e+03,8.149650908903119671e+03,4.113735227157746522e+03
-1.900606957653441214e+03,4.796404659981749319e+02,2.509693539926023732e+03
4.953985120527165236e+03,2.520252483247757027e+03,2.233311667203342495e+03
3.389897834911164864e+03,8.454114929033670705e+03,6.692243815873418953e+02
-1.648020291984683354e+03,1.286416464301337510e+04,2.762280205594780000e+03
-7.105486522523702661e+03,5.767564662600960219e+03,1.639642235397194781e+03
-2.724375751134547954e+03,-3.244775962314622575e+02,1.613568732237993345e+03
5.267721991985637032e+03,2.853640085957698830e+03,2.474692524454891100e+03
4.257588953014957042e+03,9.341456778388932435e+03,1.464559485484210654e+03
-4.367335263298480186e+02,1.409510213991967976e+04,3.901210957042691916e+03
-5.289529220247033663e+03,7.602389171281496601e+03,3.382957982121514306e+03
-3.104220110205709716e+03,-6.854547488987568613e+02,1.161082817614482792e+03
6.128385277802055498e+03,3.733170578177984225e+03,3.262714254718960547e+03
6.104414868775403193e+03,1.120714990055324779e+04,3.238743845692307787e+03
-1.891564598695529412e+03,1.265913827395786757e+04,2.373738329124661959e+03
-5.536799817120338048e+03,7.373197676242067246e+03,3.062768240195570797e+03
-1.974067317434622964e+03,4.627771457062052605e+02,2.218316465332929965e+03
4.872274170533404686e+03,2.495138572743208442e+03,1.933684002397669701e+03
5.100829665728426335e+03,1.022164379934014687e+04,2.162239497592691350e+03
-2.279949465871931352e+03,1.228883250861533998e+04,1.912434316895620213e+03
-5.317189081191335390e+03,7.610094894096142525e+03,3.209190272392518636e+03
-1.911444284106680243e+03,5.426866609592206032e+02,2.207750794928817868e+03
4.288459950726764873e+03,1.928610834861641706e+03,1.276681078858975525e+03
5.226462205932162760e+03,1.036456282146895501e+04,2.214683334064373412e+03
-1.168860522235046119e+03,1.341720793417729692e+04,2.950334556800450628e+03
-6.809676863139712623e+03,6.134096524561710794e+03,1.643252337784170095e+03
-2.838880949775650606e+03,-3.682605922958044857e+02,1.206863976599876423e+03
5.702265725416064015e+03,3.358906021964885440e+03,2.617036700888303130e+03
5.785178531052073595e+03,1.093976855900281225e+04,2.699949506524313165e+03
-2.927321664609801246e+03,1.167523620421648775e+04,1.118423261765724419e+03
-6.643960961013123779e+03,6.315500387095742553e+03,1.735264826939830527e+03
-3.234618516760118837e+03,-7.483101988728299148e+02,7.374229966444795537e+02
3.691970293947386381e+03,1.364298550903650948e+03,5.330378564486970845e+02
6.776746463640391084e+03,1.194702445199857175e+04,3.617814026141702016e+03
-2.802233000371514663e+03,1.181601282886221634e+04,1.169808513033082818e+03
-7.901847814785408445e+03,5.072495727723849996e+03,4.034295672822399865e+02
-2.907266442287016616e+03,-4.060759299993355853e+02,9.908266652322756727e+02
5.617790778575165859e+03,3.305001229931822763e+03,2.384909935191170462e+03
6.099061032433850414e+03,1.128422121519242137e+04,2.866180189049855016e+03
-1.058406470654391796e+03,1.357472155297973222e+04,2.839686636864899356e+03
-5.184961921037585853e+03,7.803453805764439494e+03,3.046130408299426563e+03
-2.540282884688737795e+03,-2.502018810828963069e+01,1.283625170099918478e+03
5.632028722767294312e+03,3.333311358416718576e+03,2.324962826652663352e+03
6.764029047470163277e+03,1.196326141452150114e+04,3.456963151355531863e+03
-4.348064328338406995e+03,1.029913587958848439e+04,-5.241562735497523136e+02
-6.942615200930384162e+03,6.059058527278492875e+03,1.214063853443038624e+03
-3.009904237239436952e+03,-4.813835392521373251e+02,7.395905425856301463e+02
4.983151669336622945e+03,2.697692306392897990e+03,1.601672498258402129e+03
5.826760972774287438e+03,1.103925134123247699e+04,2.445281801696066850e+03
-1.805240641681279612e+03,1.285521756765246209e+04,1.944254138143786349e+03
-7.609359080561119299e+03,5.404754366151919385e+03,4.726869796196788229e+02
-4.621559857158517843e+03,-2.080599440667056115e+03,-9.466980715260751822e+02
4.957034880704895841e+03,2.684015236265332987e+03,1.500922715434050815e+03
6.023908541103503012e+03,1.124883862806585603e+04,2.567796375832657759e+03
-2.576423819678487234e+03,1.209647410815941657e+04,1.098437965953953608e+03
-5.701409087339351572e+03,7.324321769175894588e+03,2.305792840640140639e+03
-1.390712488515118821e+03,1.161865337778550384e+03,2.209305164916017929e+03
4.678916946223527702e+03,2.417514711586172325e+03,1.147960648751376539e+03
5.349197667629604439e+03,1.058574516439416402e+04,1.818241370157452820e+03
-1.219529158558320660e+03,1.346498617908179040e+04,2.380488494872814499e+03
-6.953403214293986821e+03,6.083118793212355740e+03,9.787521027131953133e+02
-4.949123420107821403e+01,2.513877743083687164e+03,3.475479808257748118e+03
5.378016545710234823e+03,3.127405462063975847e+03,1.772013637265773468e+03
5.512630693052751667e+03,1.075996934080840947e+04,1.906627784608290312e+03
-2.323934117200765286e+03,1.237137237143044331e+04,1.201036925258059455e+03
-5.317348852995880407e+03,7.729134173760265185e+03,2.539566111299194290e+03
-1.764901190556943220e+03,8.084288059776250748e+02,1.684829499189776016e+03
6.795304026692165280e+03,4.554653962295709789e+03,3.114060765535597056e+03
3.944697529277302237e+03,9.201997196282762161e+03,2.634542681207337864e+02
-3.021372799272391603e+03,1.168389470860861911e+04,4.283578904743260409e+02
-6.549567870185411266e+03,6.506042249833035385e+03,1.231921814233317264e+03
-4.613228835934585732e+03,-2.030771746137716491e+03,-1.238923426064213118e+03
6.270015809968001122e+03,4.038492838833846236e+03,2.513347268935086504e+03
6.008975588447915470e+03,1.127540234871567554e+04,2.252307047415000397e+03
-5.442937011758590415e+02,1.417010089996745228e+04,2.830011708694512436e+03
-7.228342336517056538e+03,5.835557236734728576e+03,4.775460327057270433e+02
-2.221249903775947587e+03,3.694966392542603444e+02,1.077454190898480192e+03
6.118966159009270086e+03,3.895732641108454118e+03,2.286696302780410406e+03
3.549493507817772297e+03,8.824209721318871743e+03,-2.827763484110878380e+02
-2.035846649932274886e+03,1.268683740444437717e+04,1.262857444742151529e+03
-7.217596887784273349e+03,5.853750866371511620e+03,4.125230997346500317e+02
-2.347031513349167199e+03,2.511632105850404741e+02,8.759041996214006076e+02
5.324014854607802590e+03,3.108229517610986022e+03,1.415976616675082823e+03
5.018487589651929738e+03,1.030065198405702904e+04,1.110449351719210199e+03
-3.805210915717691478e+02,1.434961114370888026e+04,2.842414621398797408e+03
-7.388776877962631261e+03,5.689174235760059673e+03,1.654167067937005413e+02
-3.569718292430906331e+03,-9.649202089297925795e+02,-4.227089822229302172e+02
6.270798626248742949e+03,4.061616648818831891e+03,2.286833985553430921e+03
6.022650136936213130e+03,1.131141789090821658e+04,2.038685496240901102e+03
-2.399812395634839504e+03,1.233692319921271519e+04,7.471969145731353592e+02
-6.023084904396310776e+03,7.060621283407494957e+03,1.455033378267619128e+03
-2.284057686802301760e+03,3.264954707799267908e+02,7.868763213132722285e+02
5.473831257505007670e+03,3.270404354156211866e+03,1.413791314717293972e+03
6.230084482919639413e+03,1.152460731097276039e+04,2.170044540131925714e+03
-1.905309285374700266e+03,1.283718138355397241e+04,1.165624722740872585e+03
-6.641319232614700013e+03,6.447290366075778365e+03,7.605840462489871925e+02
-2.597688471836427198e+03,1.776809663247399840e+01,3.970305324789045471e+02
3.146240957931159301e+03,9.477174654690361422e+02,-9.900139886567966414e+02
5.939843932874661732e+03,1.123927017181445444e+04,1.803588986286705676e+03
-1.196253885597634962e+03,1.355114019421770899e+04,1.798465118717695532e+03
-6.528291071845275837e+03,6.564366984863943799e+03,7.972667746090143055e+02
-2.620126113394591357e+03,-6.210869069489035610e-01,2.982474585113427565e+02
5.860517087796064516e+03,3.666042053352682615e+03,1.647916708798711170e+03
6.354921817181753795e+03,1.165839651414028776e+04,2.142321438184400449e+03
-5.845071919896706731e+02,1.416693534584441477e+04,2.333866379916262304e+03
-6.398282754140168436e+03,6.697565607690471552e+03,8.508085794242390421e+02
-1.443933477797434080e+03,1.178761853811628498e+03,1.397973581218617255e+03
5.513499233267293675e+03,3.322214503945331671e+03,1.224432341380057096e+03
5.268008462795854030e+03,1.057467346487580835e+04,9.789415709086176776e+02
-2.172586683793148040e+03,1.258204615916235707e+04,6.693203752229019301e+02
-7.082337172727981851e+03,6.015840232563725294e+03,9.017599014688164516e+01
-2.681334320853367899e+03,-5.630994578323770838e+01,8.399456747314002314e+01
4.944526187156609922e+03,2.755570501295715076e+03,5.788811245798295886e+02
5.031224548727235742e+03,1.034021859426825540e+04,6.655794861504555229e+02
-5.421662336997023885e+02,1.421479565271686988e+04,2.223162654626803942e+03
-6.942366701947938054e+03,6.157275469282950326e+03,1.534661291610233320e+02
-1.173568751575743136e+03,1.452920389433568289e+03,1.515079804984862449e+03
5.076932325616692651e+03,2.889441405694979039e+03,6.346069312740100941e+02
5.772433481087997279e+03,1.108289229256819999e+04,1.330108086745315177e+03
-1.301841888204460247e+03,1.345658476415129371e+04,1.386806668356143746e+03
-7.514805672596127806e+03,5.585434065739646940e+03,-4.957457641058947502e+02
-1.565040693185176906e+03,1.062046014929020657e+03,1.046834940756700462e+03
5.537320624561302793e+03,3.350427271744475547e+03,1.018222307599892133e+03
4.704058395347223268e+03,1.001511477393230962e+04,1.849600783858129489e+02
-2.069722620034728152e+03,1.268930159942591126e+04,5.421530139071478516e+02
-5.606642670902109785e+03,7.493324610600477172e+03,1.335561367264776663e+03
-1.356231048142649342e+03,1.270583203138360659e+03,1.178788715475881872e+03
5.003038340072243955e+03,2.815872530422229374e+03,4.070841527874873691e+02
6.113387815012580177e+03,1.142417173676448147e+04,1.517433627727823932e+03
-2.881122964564423000e+03,1.187762879806302954e+04,-3.461032009458932635e+02
-6.315569021143721329e+03,6.783253052363426832e+03,5.497059144584828800e+02
-2.865695418407993202e+03,-2.400263751224224507e+02,-4.076047573541447946e+02
5.740063461377769272e+03,3.551752443732315442e+03,1.067180171528329993e+03
3.921920059248343023e+03,9.231558773004802788e+03,-7.509632306010960292e+02
-1.939532313968744120e+03,1.281807424066326894e+04,5.185583470851030370e+02
-7.639162660667724595e+03,5.457638826018971486e+03,-8.508802727375518771e+02
-1.626810531747141340e+03,9.968379247179775575e+02,7.542875816346758029e+02
5.879259930548830198e+03,3.688928326082924286e+03,1.129384093027359313e+03
3.837560790405610533e+03,9.145178917341621855e+03,-9.123150471158601249e+02
-3.496224385208659442e+03,1.125936158260290358e+04,-1.115126271826843549e+03
-6.099232910959659421e+03,6.994670083672337569e+03,6.120033423159454742e+02
-1.088889179616123783e+03,1.531860784794295796e+03,1.215162799111124968e+03
4.182826429363081843e+03,1.989596332842477295e+03,-6.440955428129569782e+02
6.343472280864727509e+03,1.164819191574603610e+04,1.516550308688688119e+03
-2.274362731903465829e+03,1.247832474385339628e+04,2.968924682378150237e+01
-6.689719246333297633e+03,6.400404927555851827e+03,-5.557278629527655767e+01
-1.709327187415005255e+03,9.076439562525670226e+02,5.176349980746604160e+02
4.164723861362884236e+03,1.967714944099432614e+03,-7.392879040507374384e+02
3.088012584616860750e+03,8.388953398755324088e+03,-1.815999180796761266e+03
-3.288757338685055402e+03,1.146015131632896009e+04,-1.061795153195391322e+03
-7.373570689433799998e+03,5.711892016236670315e+03,-8.165476832952215318e+02
-1.065361672581632774e+03,1.546948002867260129e+03,1.084477059008589322e+03
7.597545571011676657e+03,5.395875185529544979e+03,2.616410351698610611e+03
6.411579741972079319e+03,1.170785908789186215e+04,1.430444522659013955e+03
-2.802606768412682413e+03,1.194164041838265257e+04,-6.527680368224614540e+02
-5.973166049824879337e+03,7.106750327748882228e+03,5.067099084044160691e+02
-3.358427321178936836e+03,-7.516639738267522262e+02,-1.285735637497996777e+03
4.473158614511696214e+03,2.265941900932856697e+03,-5.851236527106511858e+02
6.543590304335155452e+03,1.183432332215823044e+04,1.485308037112808051e+03
-9.287767337803179544e+02,1.380992412491830873e+04,1.143914949900620741e+03
-7.491178752966910906e+03,5.582304332342413545e+03,-1.088463302103018577e+03
-1.479419569220430276e+03,1.120910485867317220e+03,5.161116070951060237e+02
4.634022811651568190e+03,2.420372805808291560e+03,-5.014199629361831398e+02
2.854969540078888258e+03,8.139269265637527496e+03,-2.280473234508863243e+03
-1.871635981537689304e+03,1.286063158489650050e+04,1.238951947778454041e+02
-6.383838539067620331e+03,6.682322295366348953e+03,-5.828685343812875885e+01
-2.385648127484938414e+03,2.073596767274539161e+02,-4.672807164038018755e+02
5.429156964088000677e+03,3.208184707369368425e+03,2.165504242658493581e+02
4.395693046453610805e+03,9.672670521136893512e+03,-8.169134933685405713e+02
-2.028103047644119670e+03,1.269684226791471337e+04,-1.097356365629847517e+02
-5.555387711815506918e+03,7.502560030275750250e+03,6.930072184230075436e+02
-2.281455267602158983e+03,3.033394442675208325e+02,-4.402446119120007779e+02
3.662659604128300089e+03,1.433474255066955493e+03,-1.627103691084829507e+03
4.247560375095579730e+03,9.516324757436152140e+03,-1.042202920117549183e+03
-9.249382761458848563e+02,1.379179394707023857e+04,9.162723795442720984e+02
-6.873138215790936556e+03,6.175703822966356711e+03,-7.018826982109078472e+02
-1.448142092488769322e+03,1.127546916046946990e+03,3.159291505429038693e+02
6.739653110203982578e+03,4.501362057808674763e+03,1.372750402332368367e+03
4.938505653723724208e+03,1.019816433273033181e+04,-4.283970541478904579e+02
-2.494846627877671381e+03,1.221277989200448792e+04,-7.307753848459994970e+02
-4.813662089119866323e+03,8.225179980871273074e+03,1.280481755610037681e+03
-8.167167297536736896e+02,1.748972310015889434e+03,8.702428404278748530e+02
4.341648147356634581e+03,2.093357126195173805e+03,-1.102366233365104335e+03
4.729489313949175084e+03,9.979148024189627904e+03,-7.145250667725642870e+02
-2.239862813665020440e+03,1.245776373745098499e+04,-5.529032434834732612e+02
-7.342487398359724466e+03,5.685458899829389338e+03,-1.325417026440673908e+03
-1.620402547342520393e+03,9.343907206250152058e+02,-1.051644997182597763e+01
6.699019933371475418e+03,4.439833140407987230e+03,1.177932079838882146e+03
6.471469766415659251e+03,1.171023270485408466e+04,9.503819128830656382e+02
-2.714511316987364353e+03,1.197221946232661321e+04,-1.104625219616671075e+03
-5.397877949589903437e+03,7.618275354752154271e+03,5.421676718691921906e+02
-3.154207943797462576e+03,-6.112076696769818227e+02,-1.621346596886722637e+03
5.016920062136934575e+03,2.745940275326390292e+03,-5.811925418556138538e+02
6.632483914562067184e+03,1.185945385915343832e+04,1.034371310569519210e+03
-4.689377967713867292e+02,1.420599998869553565e+04,1.063923550139351619e+03
-6.762073534022227250e+03,6.241388255772461889e+03,-8.989933573973924013e+02
-1.994831220376750480e+03,5.354775391963614766e+02,-5.389353183002717742e+02
6.193778744436924171e+03,3.910107443079011318e+03,5.187006956101147352e+02
3.491796572344944252e+03,8.706075002388946814e+03,-2.183281476481864956e+03
-2.339823163436253253e+03,1.232242310748330056e+04,-8.839272613597757982e+02
-6.269590816999168965e+03,6.720279761006935587e+03,-4.834061365063699895e+02
-9.771694143809613706e+02,1.539548133403565998e+03,4.018309915634821436e+02
5.096823196075664782e+03,2.799560682929167797e+03,-6.551503488831792765e+02
4.370434135844287994e+03,9.571121354099706878e+03,-1.381539409114556292e+03
-2.182733383031235917e+03,1.246592167609973512e+04,-8.037329770867937668e+02
-5.786728601969572082e+03,7.188650014340925736e+03,-7.735876723425326418e+01
-9.451280262227235198e+02,1.557097559866197116e+03,3.570575339642396102e+02
4.800232874409983197e+03,2.488478399567879023e+03,-1.028555516306341588e+03
6.064344051439194118e+03,1.125053930799900627e+04,2.355556607228699022e+02
-7.061699282159036102e+02,1.392799316921946047e+04,5.960156319710581556e+02
-7.305706266004829558e+03,5.654278711672235659e+03,-1.673059867635373848e+03
-1.805814256667497375e+03,6.810176907879906594e+02,-5.803521328463971258e+02
5.443985643250374778e+03,3.116837529774838004e+03,-4.615261838318130003e+02
6.754484517580486681e+03,1.192528613550686532e+04,8.489726904982994711e+02
-3.321175404422552674e+03,1.129759405437937676e+04,-2.095713280601454244e+03
-5.574189758684799926e+03,7.369499103783310602e+03,-1.816457222458916476e+01
-7.431220027930089600e+02,1.727413829453524386e+03,4.057189091188464545e+02
2.884834529781335732e+03,5.413903010968447234e+02,-3.097298509210096654e+03
4.612137994736816836e+03,9.766643497454240787e+03,-1.369995044254616005e+03
-2.349586783423845191e+03,1.225288656016913228e+04,-1.200745871511991481e+03
-6.745118878595509159e+03,6.181370721598757882e+03,-1.265601809818098673e+03
-2.990177054013055113e+03,-5.368404840403653679e+02,-1.917844259784000542e+03
6.822070824136882038e+03,4.461427333178547087e+03,7.634296674626488084e+02
5.269531228454450684e+03,1.040683746889803115e+04,-7.891099282197826597e+02
-1.804501478037001107e+03,1.278077260328213197e+04,-7.321686838079476729e+02
-7.218006207259521034e+03,5.690380444006233120e+03,-1.814873238853799876e+03
-1.453918782986640963e+03,9.813148380575358942e+02,-4.579700891292754932e+02
3.157334566951129091e+03,7.785881270642819345e+02,-2.977690690094792899e+03
5.213282833311176546e+03,1.033248612482624412e+04,-9.217424237347451026e+02
-3.089865249192926512e+03,1.147730588319769231e+04,-2.093916555335562407e+03
-8.161787073477222293e+03,4.727592535261361263e+03,-2.834903213169984156e+03
-2.125532024568238739e+03,2.906945539487677479e+02,-1.205832438809356290e+03
4.238721819114331993e+03,1.840968336700313557e+03,-1.972552546030073700e+03
4.354517932217116140e+03,9.454714181205014029e+03,-1.856756432927289097e+03
-2.461771387137813690e+03,1.208639270272563590e+04,-1.542071801378932832e+03
-6.305475127335036632e+03,6.563993072719461452e+03,-1.054694357498916816e+03
-3.570221148874319624e+03,-1.173905979041398723e+03,-2.726624653586555269e+03
5.211040764353760096e+03,2.793375873255656643e+03,-1.076336691261763463e+03
4.241568830214658192e+03,9.321853670518470608e+03,-2.045808625400865139e+03
-3.822197557980730380e+03,1.070605512319863374e+04,-2.978601062692967389e+03
-5.329580612684844709e+03,7.519071676088695313e+03,-1.547458414800635182e+02
-8.570184055968136363e+02,1.518480852955149203e+03,-8.936790894038790611e+01
5.745915098249953189e+03,3.307434295870891674e+03,-6.174083559969087673e+02
6.009645916838221638e+03,1.106911484586107508e+04,-3.536775374086405463e+02
-1.456985968841669319e+03,1.305045080105673696e+04,-6.893354721852449529e+02
-6.768339586877852526e+03,6.058592289420120323e+03,-1.669282600976702270e+03
-9.195454963260083332e+02,1.434233349750387333e+03,-2.276727849732135383e+02
6.264603399160078880e+03,3.804402184305450191e+03,-1.744978403904140123e+02
3.537953271324974139e+03,8.575701787872261775e+03,-2.901147968225518525e+03
-2.476446423081739340e+03,1.200926993434110045e+04,-1.784573711728945682e+03
-6.110282192461577324e+03,6.694024911124741266e+03,-1.086823611405017800e+03
-2.050415532813123718e+03,2.807385405516178594e+02,-1.434141226304919883e+03
6.207108998938935656e+03,3.724283011372652254e+03,-3.075906454561486498e+02
5.029940099048529191e+03,1.004506384288416120e+04,-1.484759545346555115e+03
-1.256486461077321565e+03,1.320660512363386260e+04,-6.402121545691193205e+02
-6.623465130370444058e+03,6.157313122485840722e+03,-1.675414362606622490e+03
-2.045229077474980386e+02,2.103102314887209559e+03,3.363435854679676140e+02
4.832579694559782183e+03,2.326224856263465426e+03,-1.757527763128040078e+03
4.378319258813356100e+03,9.369914151918954303e+03,-2.211788198874465706e+03
-6.670933009173666051e+02,1.377246943306378307e+04,-1.262268077019023167e+02
-6.764168418581304650e+03,5.992177330693897602e+03,-1.891323619236187369e+03
-1.077271937950595202e+03,1.205920781103029867e+03,-6.116114131538336096e+02
3.149199790186922655e+03,6.184124483095231426e+02,-3.516113635919603439e+03
4.517727266771957147e+03,9.484889656296472822e+03,-2.147586159334568947e+03
-7.764196222424704956e+02,1.363871060815759665e+04,-3.107590974457102675e+02
-7.906329324998534503e+03,4.824680837638154117e+03,-3.108477355429213731e+03
-2.728154804316093305e+03,-4.702976719009808448e+02,-2.337487109295127539e+03
5.609565610281112640e+03,3.053442681765200632e+03,-1.130740645601209508e+03
3.859547492256575424e+03,8.801374295142579285e+03,-2.880758763625746724e+03
-1.815798630675505137e+03,1.257399601308604906e+04,-1.425130935654540963e+03
-5.196648348549411821e+03,7.508123860472738670e+03,-4.735647377309928743e+02
-3.137362190909206220e+03,-9.057430121086340478e+02,-2.821462854639143643e+03
4.460774786287282950e+03,1.878413904156831450e+03,-2.354299828345941478e+03
5.062391891937699256e+03,9.977980741209161351e+03,-1.752682722695525854e+03
-2.323471970997465633e+03,1.204008471914954862e+04,-2.007572634727404420e+03
-6.599862491382070402e+03,6.077770261063616999e+03,-1.951311399179335012e+03
-1.288357948730158569e+03,9.161217734939516504e+02,-1.046991131075778867e+03
4.846657555310784119e+03,2.237157216603869529e+03,-2.042949577938124094e+03
5.515499799314384290e+03,1.040394919200938602e+04,-1.374107333934523695e+03
-2.652079578789902371e+03,1.168433765478065106e+04,-2.410712761135524488e+03
-6.512915281615717504e+03,6.136677524865376654e+03,-1.938649463991019729e+03
-2.056461482205860193e+03,1.199782940536568958e+02,-1.889379939129517879e+03
3.606781725738433124e+03,9.692414410669259723e+02,-3.357110682088512476e+03
3.794592984258327760e+03,8.655002430988733977e+03,-3.169299423568617840e+03
-1.965548488378828552e+03,1.234282879922713073e+04,-1.798466945302487829e+03
-4.743989665633114782e+03,7.876663870236195180e+03,-2.437504418422217896e+02
-2.760401301130797947e+03,-6.129007954830649396e+02,-2.667346351888260415e+03
4.624436458226415198e+03,1.957956902943123396e+03,-2.413482543434335639e+03
5.781704488503598441e+03,1.061317466462222183e+04,-1.256214513157152396e+03
-2.356764267674047915e+03,1.192267374932012717e+04,-2.263709318431512202e+03
-6.035442389625979558e+03,6.555373868479048724e+03,-1.608959611453726893e+03
-9.277340839841201614e+02,1.189929143899330938e+03,-9.084355803602227297e+02
5.445744629273503051e+03,2.749427796225929342e+03,-1.665930818005887431e+03
4.594922918731504978e+03,9.396555817085845774e+03,-2.516752528547885959e+03
-5.968834906343249713e+02,1.365271724859556889e+04,-5.775849870104289039e+02
-6.408644856719175550e+03,6.151437588281642093e+03,-2.055636879806997058e+03
-1.217236519238671008e+03,8.696928955405695660e+02,-1.271412816874847522e+03
4.840755221905004873e+03,2.113704575753221434e+03,-2.344395026634459100e+03
5.372385633754011906e+03,1.014328471900414297e+04,-1.812764614785452522e+03
-1.228434854943076061e+03,1.299043207118260761e+04,-1.282611152579254167e+03
-6.733108830434334777e+03,5.795344893792948824e+03,-2.453282487751795998e+03
-4.416354159542152956e+03,-2.361053465536446765e+03,-4.543712091407970547e+03
4.388566108764665842e+03,1.629886741839348360e+03,-2.869765774004438754e+03
5.998639552360467860e+03,1.073790991683706488e+04,-1.259692330408637645e+03
-9.879422757777821289e+02,1.319929592957436762e+04,-1.115300207643600970e+03
-6.334163248835887316e+03,6.161768631991816619e+03,-2.127213826348470775e+03
-3.298334251594815214e+02,1.692945425446645231e+03,-5.300682772204206685e+02
6.642202579608992892e+03,3.851001369284095290e+03,-6.890062233552339421e+02
5.270401902100798907e+03,9.977150423177818084e+03,-2.060806900863427472e+03
-1.312863069122408888e+01,1.414158773126134656e+04,-2.133634827521646002e+02
-5.310854238659687326e+03,7.151664620045850825e+03,-1.176465453244978789e+03
-1.634942244370960907e+03,3.544235841130000040e+02,-1.907737733504607831e+03
3.677049597089120653e+03,8.524353646420574933e+02,-3.726719842947813959e+03
4.510018205399024737e+03,9.183353704353874491e+03,-2.893751234637910329e+03
-2.611374575048875158e+03,1.150992876478152721e+04,-2.884170064182523674e+03
-6.226435471928819425e+03,6.201781290154457565e+03,-2.164279451593009981e+03
-2.487239922118827053e+03,-5.321761902571272458e+02,-2.832268176331373979e+03
6.806025305461048447e+03,3.947108976391723900e+03,-6.699768996547859388e+02
5.352612496881456536e+03,9.991645899214046949e+03,-2.123389708234377395e+03
-2.363275982541018493e+03,1.172372526066712271e+04,-2.708304236753566784e+03
-6.517276272554860952e+03,5.875751584376537721e+03,-2.527013538999985940e+03
-2.610401241713097079e+03,-6.905264150032753605e+02,-3.027322782706577073e+03
6.445123985725281273e+03,3.551018751504078409e+03,-1.102771506171486635e+03
5.949238683123599003e+03,1.055308318030431110e+04,-1.598656808773169132e+03
-2.062400092557256357e+03,1.198941224549900835e+04,-2.479321633550738170e+03
-6.439473414301486628e+03,5.917481158065003910e+03,-2.520752867890858397e+03
-1.398149989478934458e+03,4.856515526659787838e+02,-1.886613717616662143e+03
3.979418607967665139e+03,1.049240089181554140e+03,-3.640019071073350005e+03
5.472664669567277087e+03,1.004043588218308105e+04,-2.146773009473738512e+03
-3.019205396388148984e+03,1.099653365710320759e+04,-3.507669124525878033e+03
-6.250538324757562805e+03,6.069461177260683144e+03,-2.402997231923552590e+03
-2.180501149946439455e+03,-3.336546781497708025e+02,-2.740144331660785156e+03
4.695400539129543176e+03,1.728266949995187588e+03,-2.995216593488089984e+03
3.757301084215393530e+03,8.288117226482952901e+03,-3.933316048402239176e+03
-1.090623968698463159e+03,1.288816001444464746e+04,-1.650267150412809769e+03
-4.716074047871527000e+03,7.566091357498216894e+03,-9.393380309894637321e+02
-4.876864821700695757e+03,-3.067852446552530182e+03,-5.507313079366988859e+03
4.058085938663228262e+03,1.053118252880369937e+03,-3.703336269906351845e+03
5.320946285982104200e+03,9.813928331601160608e+03,-2.440475922587475907e+03
-1.146856275783313549e+03,1.279409361071129388e+04,-1.777304533449607788e+03
-4.344260649584974999e+03,7.899194559503299388e+03,-6.379436792812837211e+02
-1.417031121515214863e+03,3.532710573514823409e+02,-2.117898425759879501e+03
5.228987551264871399e+03,2.185309669200544249e+03,-2.602853703883080925e+03
5.557808249214497664e+03,1.001208009855208547e+04,-2.274033005933454206e+03
-2.264536414709287328e+03,1.163770327550385264e+04,-2.965403718953953103e+03
-7.690169269085105952e+03,4.513702739291927173e+03,-4.053873658867892118e+03
9.851379079256207660e+01,1.829232768948018020e+03,-6.723748735385797772e+02
4.108719398519832794e+03,1.025458315744264610e+03,-3.793143216714596747e+03
6.019131900353196215e+03,1.043382054897954367e+04,-1.882730714881232871e+03
-7.276913895305028745e+01,1.378988735054884819e+04,-8.436578032841935055e+02
-6.389601087983042817e+03,5.773817980385971168e+03,-2.822917491058858104e+03
-3.733470105693479582e+02,1.316919027578088844e+03,-1.213847688193518934e+03
3.812720020068335089e+03,6.890059972847475365e+02,-4.158754608459123119e+03
2.639085400567212673e+03,7.013321109185539171e+03,-5.332389227960245989e+03
-3.674962083863832959e+03,1.014724146563004615e+04,-4.515462761488004617e+03
-5.744317632240865350e+03,6.377782193370003370e+03,-2.246825040297659598e+03
-2.156508547413354790e+03,-5.075617520240622298e+02,-3.066200230018504044e+03
4.835243080475571332e+03,1.670209814933839198e+03,-3.205422553032866290e+03
6.974322675887538935e+03,1.130723914174772108e+04,-1.066342957620898460e+03
-2.031250559200220096e+03,1.174963374753551579e+04,-2.940942241805370941e+03
-6.896468881786216116e+03,5.183449008193566442e+03,-3.467734624674152656e+03
-1.609997719595614853e+03,-3.232859837409421289e+00,-2.588447737031906854e+03
5.705848618608290053e+03,2.498633417435470619e+03,-2.403575349731290316e+03
3.199878961829178479e+03,7.490613492058275369e+03,-4.909545006510401436e+03
-1.950034347995565895e+03,1.178866802310908315e+04,-2.928484365431859715e+03
-6.383371391202591440e+03,5.653505656798938617e+03,-3.022951134257885769e+03
-2.684102835585118100e+03,-1.120378817805164999e+03,-3.730866853188768346e+03
4.142591957945267495e+03,8.923359147941960146e+02,-4.035146010561670664e+03
5.195804879332174096e+03,9.443498567583015756e+03,-2.981933089174764064e+03
-2.129494341333531793e+02,1.348271209499304132e+04,-1.259713451737005016e+03
-6.344434246109629385e+03,5.648547023728043314e+03,-3.051871977234556198e+03
-1.411082537532367496e+03,1.087457020837279060e+02,-2.525704543205650225e+03
6.124314546058098131e+03,2.830162724743169747e+03,-2.121281410518471603e+03
4.119073545888726585e+03,8.322871455975713616e+03,-4.126522410687843148e+03
-1.025874590791046330e+03,1.262589116017149172e+04,-2.140496596464330196e+03
-6.930107498078074968e+03,5.018127228359395303e+03,-3.704935483828528959e+03
-1.016669955194594195e+03,4.584117410212988943e+02,-2.198682215493404328e+03
4.819263804068945319e+03,1.480365439353813827e+03,-3.493722407133152956e+03
5.840282606504427349e+03,9.999333973191211044e+03,-2.472703604697670471e+03
-8.451966152400418650e+02,1.276182259232229444e+04,-2.027208875538853363e+03
-5.501679774798527433e+03,6.400962061767572777e+03,-2.343418427122334833e+03
-7.629294623963312461e+02,6.665593439481917812e+02,-2.011852389268494335e+03
6.611726572192621461e+03,3.227235317606119679e+03,-1.768170305582829769e+03
6.312743130052696870e+03,1.042620160686811141e+04,-2.067153747722753451e+03
-4.299299737406495296e+02,1.313149634395031535e+04,-1.678852900612813983e+03
-6.387829563187101485e+03,5.468377853222250451e+03,-3.295987022827407145e+03
-2.999147346245724293e+03,-1.616092960057949313e+03,-4.314489080434384960e+03
5.961267191458815432e+03,2.530341516715566286e+03,-2.485048493633133148e+03
5.192779782573213197e+03,9.259803839231879465e+03,-3.253535902518735838e+03
-1.813558571653778472e+03,1.170143332588043995e+04,-3.128900305842440957e+03
-6.812843614056975639e+03,4.996093435138768655e+03,-3.786914670097601174e+03
-2.676177793990597820e+03,-1.340393775016430482e+03,-4.057433124579578816e+03
5.436804030928551583e+03,1.958607988971693885e+03,-3.075425250563717782e+03
6.948132221490718621e+03,1.096788591093577634e+04,-1.564097060001550517e+03
-2.778240621161193758e+03,1.068948090915941611e+04,-4.159495951750176573e+03
-6.004522531907036864e+03,5.756314699576825660e+03,-3.043987429036204958e+03
-3.194052299426851278e+03,-1.906368098164565708e+03,-4.640701471104375742e+03
4.075027359391230675e+03,5.487314997224914350e+02,-4.502595763189581703e+03
8.655156396986812979e+03,1.262681026871998984e+04,7.753327440600105547e+01
-1.600519599279703016e+03,1.181910211332902509e+04,-3.047168770957228844e+03
