186.6337526064026,186.6337526064024,7564.770752606402
734.544065543332,734.5440655433322,8112.681065543332
1170.9824823015952,1170.9824823015947,8549.119482301594
111.08042653820848,111.08042653820803,7489.217426538208
-361.8760519709747,-361.8760519709749,7016.260948029025
-805.3472897451693,-765.0354467596833,6547.925528751979
2662.3473900904446,2702.6592330759304,10015.620208587592
-609.3332654125679,-569.0214224270826,6743.93955308458
-1878.7371023486016,-1838.4252593631159,5474.535716148546
699.6477212012669,739.9595641867527,8052.920539698415
366.42922756037115,447.04891370268285,7694.108261070646
-2321.141517936737,-2240.5218317944245,5006.537515573538
-2638.2396136564607,-2557.6199275141494,4689.439419853814
475.8130986311453,556.4327847734567,7803.49213214142
181.0990195836548,261.7187057259662,7508.77805309393
138.8411836220639,259.7607132522623,7440.199330913573
-150.45540768515298,-29.535878054954992,7150.902739606356
-304.74989951458883,-183.83036988439062,6996.6082477769205
-340.9502311997903,-220.03070156959166,6960.407916091719
186.1048010092518,307.02433063945045,7487.462948300761
284.6516512476419,445.85902484328653,7558.964361745584
-472.22983077212234,-311.0224571764784,6802.08287972582
-599.8763738068383,-438.6690002111941,6674.436336691104
328.98046038021766,490.1878339758614,7603.29317087816
-76.94835338758367,84.25902020806006,7197.3643571103585
1376.0217830953707,1577.5010012668552,8622.56710530767
580.6058531552437,782.0850713267273,7827.151175367541
884.4748969957409,1085.9541151672252,8131.020219208039
-128.14686890228586,73.3323492691984,7118.398453310012
576.8996068156191,778.3788249871031,7823.444929027917
-820.4103258054147,-578.6792623286947,6397.6483041661
-96.61250907274166,145.11855440397812,7121.446120898773
643.8249604680341,885.5560239447541,7861.883590439549
-499.2879746047265,-257.55691112800696,6718.770655366789
1226.65557058159,1468.38663405831,8444.714200553104
-218.74089964848736,63.218009968211504,6970.11443015462
87.79310315764542,369.7520127743437,7276.648432960753
1500.3296226960201,1782.2885323127193,8689.184952499128
-1217.759008454741,-935.8000988380427,5971.0963213483665
281.40065754929856,563.3595671659969,7470.255987352406
270.6136582007384,592.7724148844699,7429.551824470037
815.1871731663703,1137.345929850102,7974.125339435669
-398.5696350848157,-76.41087840108412,6760.368531184483
-52.069535900385745,270.08922078334535,7106.868630368913
-475.60613582286965,-153.44737913913832,6683.332030446429
-1166.9228333794108,-804.5962286211634,5961.387099139447
-363.904866044242,-1.5782612859939036,6764.405066474616
253.01589433620484,615.3424990944523,7381.325826855063
-2210.585130830733,-1848.2585260724854,4917.724801688125
1273.2047296678445,1635.5313344260921,8401.514662186702
1177.672546349976,1580.1310002605292,8274.646016696543
751.7709042041367,1154.2293581146896,7848.744374550703
-130.36270345823596,272.09575045231713,6966.61076688833
1286.0876393932895,1688.546093303842,8383.061109739854
-841.045520097384,-438.5870661868312,6255.927950249182
842.3196082255226,1284.8699124288323,7907.251278485815
374.62595015893726,817.1762543622463,7439.55762041923
1859.674950792718,2302.2252549960267,8924.60662105301
-324.3109022124563,118.23940199085337,6740.6207680478365
-1188.2181271463003,-745.6678229429908,5876.713543113992
-324.05058699561323,158.54756869918572,6708.136884559965
67.05410442976086,549.6522601245588,7099.241575985339
-799.1967977959066,-316.598642101108,6232.990673759672
-254.7600133681799,227.83814232661916,6777.427458187399
2632.4199322076147,3115.0180879024138,9664.607403763193
402.0947765610699,924.6927850041378,7400.838638958784
-1085.2870323320278,-562.68902388896,5913.4568300656865
61.330876983466624,583.9288854265342,7060.074739381181
1650.8085047534205,2173.406513196488,8649.552367151135
488.10374592732546,1010.7017543703932,7486.84760832504
3230.6693890413217,3793.2152515523835,10195.273268952536
521.9138419599572,1084.45970447102,7486.517721871172
823.7511323951376,1386.296994906199,7788.355012306352
-27.95043588099088,534.5954266300714,6936.653444030224
185.8785758935237,748.424438404586,7150.4824558047385
3580.46191491929,4182.899632892097,10510.232525195977
1097.9423390413313,1700.3800570141375,8027.712949318019
-103.87194309575261,498.5657748770541,6825.898667180935
1685.3489603082244,2287.7866782810306,8615.119570584911
1914.2477549536825,2516.6854729264887,8844.01836523037
325.6578822916417,967.9274572123924,7219.905071126582
118.40204056640187,760.6716154871528,7012.649229401342
1025.05645299333,1667.326027914081,7919.30364182827
542.2571232000964,1184.526698120847,7436.5043120350365
1001.0598629800731,1643.329437900824,7895.307051815013
303.7752761285219,985.8127096028766,7161.812076326887
-624.2909110275834,57.74652244677145,6233.745889170782
212.59793277138579,894.6353662457404,7070.634732969751
771.4808918607714,1453.518325335126,7629.517692059137
617.4110390878909,1299.448472562246,7475.447839286257
-1021.8278781616,-300.09058437158205,5799.314800207883
2428.6790450648277,3150.416338854846,9249.82172343431
618.3434210770192,1340.0807148670374,7439.4860994465025
2298.653583414197,3020.390877204215,9119.79626178368
574.379402383028,1296.116696173046,7395.522080752511
1136.6154911715048,1897.9806472439338,7920.183598038095
-1520.5008428022904,-759.1356867298609,5263.0672640643
-942.6507456122927,-181.28558953986294,5840.917361254297
2112.161625896423,2873.5267819688524,8895.729732763013
1065.809939170977,1827.1750952434068,7849.378046037567
-742.3605013720626,58.556519215383105,6002.955917484428
1215.408338560396,2016.3253591478424,7960.724757416887
-1903.1215015477846,-1102.204480960339,4842.194917308706
45.04479216128402,845.9618127487302,6790.361211017775
2364.7606141017313,3165.6776346891784,9110.077032958223
792.8728073993198,1633.2616950759038,7499.263804693469
1465.829146963502,2306.218034640086,8172.220144257652
-913.674831341873,-73.28594366528841,5792.716165952276
1840.6663171745995,2681.0552048511836,8547.057314468748
1263.5053751401265,2103.8942628167106,7969.896372434276
-754.0193634877814,125.75739428544193,5912.775911581525
944.9799507449284,1824.7567085181518,7611.775225814235
671.8243885376551,1551.6011463108784,7338.619663606962
-1145.095792722921,-265.3190349496972,5521.699482346386
-2017.0955757251193,-1137.3188179518966,4649.699699344186
2573.829446615271,3492.906078035883,9200.362181775216
1736.5540713693015,2655.630702789914,8363.086806529245
1314.0102004411692,2233.0868318617813,7940.542935601114
1841.3760543306444,2760.4526857512574,8467.90878949059
-705.5004902105636,213.57614121004826,5921.032244949381
-238.14236350618648,720.1421457855856,6347.464547286303
2560.9083647548578,3519.19287404663,9146.515275547346
469.13972599221233,1427.4242352839851,7054.746636784702
-944.3417760945968,13.942733197175585,5641.265134697893
1958.6410655595694,2916.9255748513406,8544.247976352059
733.0938021020274,1730.4901943134385,7277.115187710816
-740.550493782973,256.845898428438,5803.470891825816
2164.695482731403,3162.091874942813,8708.71686834019
-419.41717463884197,577.9792175725688,6124.6042109699465
-272.72403820781733,724.6723540035937,6271.297347400971
384.239307260902,1420.6475884408126,6886.019101100581
2459.1111196607785,3495.519400840688,8960.890913500456
1628.0683645719655,2664.476645751876,8129.848158411643
321.57120645982013,1357.97948763973,6823.351000299498
271.7470463540965,1308.1553275340057,6773.526840193774
1052.2018247466203,2127.5180021461465,7511.087645231768
574.0454302005603,1649.3616076000862,7032.931250685708
1851.8532856577958,2927.1694630573224,8310.739106142944
1118.4608699336713,2193.7770473331975,7577.346690418819
35.169579099029534,1110.485756498556,6494.055399584177
1303.7409479804119,2417.8570302832795,7719.084149481406
581.7443950825073,1695.860477385375,6997.087596583501
1042.9413167775638,2157.0573990804314,7458.284518278558
273.6690062586049,1387.7850885614725,6689.012207759599
1082.2201605013865,2196.3362428042547,7497.56336200238
648.507786945931,1801.3117845296988,7019.66351093781
584.992564027403,1737.7965616111705,6956.1482880192825
280.9140451040985,1433.7180426878658,6652.069769095978
219.98628460618147,1372.7902821899488,6591.142008598061
380.7711498362926,1533.5751474200606,6751.926873828173
-116.8817331418677,1074.4941920887936,6209.4454932688795
1544.163157937759,2735.539083168421,7870.490384348506
-473.1619877313133,718.213937499348,5853.165238679434
627.1264264579559,1818.5023516886176,6953.453652868703
-229.93620892091053,961.439716309751,6096.391017489837
887.3786611022442,2117.2065286647808,7168.240259866735
-362.48940777310986,867.3384597894265,5918.372190991381
-864.3492261441488,365.4786414183877,5416.512372620342
1666.7637669858796,2896.5916345484156,7947.62536575037
-9.232000595108502,1220.5958669674274,6271.629598169382
2252.028417581543,3520.1842448491398,8486.791200407366
-252.0950520559902,1016.0607752116066,5982.667730769834
904.1821583648843,2172.337985632481,7138.944941190708
-792.7686318744345,475.3871953931621,5441.994150951389
-246.74982165553024,1021.4060056120661,5988.012961170293
785.3855633334997,2091.741370778232,6973.42033568474
1946.5611719307628,3252.9169793754954,8134.595944282003
1230.7049140584404,2537.0607215031723,7418.739686409681
924.9715223183857,2231.3273297631185,7113.006294669626
1142.4452862069174,2448.8010936516494,7330.480058558158
-227.2021720386374,1117.22163960924,5913.479441266321
-27.705456999413627,1316.718354648464,6112.9761563055445
-420.0638810969567,924.3599305509201,5720.617732208001
-1317.7667533132294,26.6570583346479,4822.914859991728
1134.4185996183642,2478.8424112662415,7275.100212923322
1851.5718950259534,3233.9277389593526,7944.279299114786
2652.973012636203,4035.328856569602,8745.680416725036
330.94727226775194,1713.3031162011514,6423.654676356585
230.3432742451614,1612.6991181785606,6323.050678333994
713.1936081915389,2095.5494521249384,6805.901012280372
189.00534631031132,1609.1532552209233,6233.121642088415
-497.2925524260638,922.8553564845479,5546.82374335204
1296.7899629592384,2716.93787186985,7340.906258737342
1776.4467577312553,3196.5946666418668,7820.563053509359
841.0963682492577,2261.244277159869,6885.212664027361
2417.625685133587,3875.4216969290896,8412.53817749646
415.3795001465635,1873.175511942066,6410.2919925094375
2098.855202879101,3556.651214674604,8093.767695241975
1185.2015076558728,2642.9975194513754,7180.114000018747
1518.1589633339436,2975.9549751294453,7513.071455696818
1076.0298159084305,2571.325974376242,7021.130066903664
1728.3025111483398,3223.5986696161513,7673.402762143573
2517.510670021248,4012.8068284890596,8462.610921016481
3339.067173139366,4834.363331607177,9284.167424134599
1297.2695718549094,2792.56573032272,7242.369822850143
877.208696281542,2409.85305181311,6771.892578523513
-655.9156609862741,876.7286945452943,5238.768221255697
819.9949489609362,2352.639304492504,6714.6788312029075
1236.6636488865279,2769.308004418096,7131.347531128499
-377.83159898060035,1154.8127565509685,5516.852283261372
1852.925309511069,3422.7619198902453,7696.593059853785
1650.481813463227,3220.318423842403,7494.149563805942
647.2170290838685,2217.0536394630444,6490.884779426585
498.0968194778443,2067.933429857021,6341.764569820561
194.7554968989973,1764.592107278174,6038.423247241713
1579.0088503486504,3185.877781607849,7371.065123822094
518.3117661265258,2125.1806973857247,6310.36803959997
1285.5499741721924,2892.418905431391,7077.606247645636
2554.8441891410585,4161.713120400257,8346.900462614503
18.06221905615098,1624.9311503153494,5810.118492529595
117.23876727470906,1760.9760946226352,5857.092691289948
1069.1272931259894,2712.8646204739157,6808.981217141229
1062.5875426629764,2706.324870010903,6802.441466678215
2790.753886173976,4434.491213521902,8530.607810189214
-173.61543215698816,1470.1218951909377,5566.23849185825
1208.8940407509826,2889.331849575838,6895.959269579187
2066.7283331295753,3747.16614195443,7753.793561957779
2091.820950757892,3772.258759582747,7778.886179586097
2226.7210281579455,3907.1588369828005,7913.78625698615
1767.957786491792,3448.395595316646,7455.023015319996
2107.0437345816217,3824.010121533818,7740.738504111995
1194.2219323036966,2911.188319255893,6827.91670183407
846.8485392832017,2563.814926235398,6480.543308813575
905.4212211270515,2622.387608079248,6539.115990657425
-344.5505883769081,1372.415798575289,5289.144181153465
-1636.1291987605018,117.18987539804675,3943.6179840210802
2224.786817552571,3978.1058917111204,7804.5340003341535
2209.798879658839,3963.1179538173874,7789.54606244042
439.5856176081952,2192.904691766744,6019.332800389777
3109.195603872633,4862.5146780311825,8688.942786654216
1528.9985268065548,3318.490410933385,7054.225687378677
741.2640038258216,2530.755887952652,6266.491164397944
1084.8766451728388,2874.368529299669,6610.103805744961
857.7319898478027,2647.2238739746335,6382.959150419925
557.5352247291387,2347.0271088559693,6082.762385301261
2207.717667600831,4033.198499487431,7677.857118116899
368.8690571702175,2194.349889056817,5839.008507686285
2809.063947401529,4634.544779288129,8279.203397917598
3206.160164411963,5031.640996298564,8676.299614928032
-148.25314979604605,1677.2276820905545,5321.886300720022
769.3471510371364,2630.6290849480497,6183.836007186318
1189.9691950614838,3051.251128972397,6604.458051210666
-514.1877264463646,1347.0942074645486,4900.301129702817
1632.541973817174,3493.8239077280878,7047.030829966356
2810.0941196483927,4671.3760535593065,8224.582975797573
1891.6752591490358,3788.5664673668466,7249.955496380247
-552.746033590958,1344.145174626853,4805.534203640253
1621.3144760294163,3518.2056842472266,6979.594713260627
-757.7867044356981,1139.1045037821123,4600.493532795513
1865.1713401597208,3762.062548377531,7223.451577390932
1712.483451341992,3644.78812581858,7014.001961394519
-446.13522015887224,1486.1694543177155,4855.383289893654
823.8995024259493,2756.2041769025373,6125.418012478476
87.27328101589137,2019.5779554924793,5388.791791068419
177.82729418004533,2110.131968656633,5479.345804232572
914.5412078102609,2882.059561929223,6158.749855555155
1561.8076057327778,3529.3259598517398,6806.016253477672
2632.712850517736,4600.231204636699,7876.92149826263
1618.1546259327815,3585.672980051744,6862.363273677675
1258.893927064479,3226.4122811834422,6503.1025748093725
-58.28871389738106,1944.2395565578863,5128.066966698885
1861.8431422418416,3864.3714126971095,7048.198822838109
-326.57131839236536,1675.956952062902,4859.784362203901
-458.01511386461425,1544.5131565906531,4728.340566731652
3238.1734819671187,5240.701752422387,8424.529162563385
1351.0305230088798,3388.3609718047046,6478.995219378351
3820.0878711091145,5857.4183199049385,8948.052567478586
1080.1759872701641,3117.506436065988,6208.140683639635
344.7422050267569,2382.072653822581,5472.706901396228
2096.764595673665,4134.09504446949,7224.729292043136
1914.2889827840654,3986.2098993616746,6983.32982340865
2997.2133341336057,5069.134250711215,8066.25417475819
2063.3988846429365,4135.319801220546,7132.439725267521
-646.5140668863742,1425.406849691235,4422.52677373821
1857.9084809811363,3929.8293975587458,6926.949321605721
251.7673709573828,2358.06307445373,5261.356688002311
620.7650492031969,2727.060752699544,5630.354366248125
0.3107629445694329,2106.606466440917,5009.9000799894975
3461.2024023919757,5567.498105888322,8470.791719436904
-1427.3136954466852,678.982008049662,3582.275621598243
2528.5186823088497,4668.969523953039,7478.134070075324
731.2698533779167,2871.720695022106,5680.885241144391
2657.314273820657,4797.7651154648465,7606.929661587132
-6.772531401982633,2133.678310242207,4942.842856364492
2257.827445221471,4398.2782868656595,7207.442832987946
310.2840131853163,2484.666378838413,5199.408386895764
-133.87653046607488,2040.5058351870211,4755.247843244372
641.1497305719731,2815.5320962250694,5530.274104282421
1630.3160268332385,3804.6983924863353,6519.440400543686
690.7894321741919,2865.17179782729,5579.913805884639
2187.8078273745896,4395.894140218671,7015.929482293678
598.1395963204316,2806.225909164513,5426.26125123952
575.4140731208072,2783.5003859648887,5403.535728039896
2235.0430790506616,4443.129391894745,7063.16473396975
4476.587207375767,6684.673520219849,9304.708862294856
1702.2838805854262,3943.842603967874,6468.896551479721
1834.5829557383424,4076.1416791207903,6601.195626632637
1203.7890842516163,3445.3478076340643,5970.401755145911
2373.9484612339447,4615.507184616392,7140.5611321282395
3176.01525166978,5417.573975052228,7942.627922564075
-136.60543554632113,2138.190204892832,4567.99748539266
318.21084775461895,2593.0064881937715,5022.813768693599
4067.7637932979624,6342.559433737115,8772.366714236941
498.2880803543849,2773.0837207935374,5202.891001293365
1658.5499105609397,3933.345551000093,6363.15283149992
655.5488681294728,2963.341978487963,5297.6468326304785
-1877.8208144345583,429.9722959239316,2764.2771500664476
1748.0022180117658,4055.7953283702554,6390.100182512771
1046.2504834812498,3354.0435938397404,5688.3484479822555
1166.6462937439862,3474.439404102477,5808.744258244991
1393.0350667486919,3733.582249580857,5972.138488268149
1094.0583241083905,3434.6055069405556,5673.161745627847
1883.3942004056216,4223.941383237787,6462.497621925078
2021.306572442324,4361.853755274489,6600.409993961781
2307.120023020592,4647.6672058527565,6886.223444540049
1517.1399026733106,3890.193813753307,6032.7648754464235
593.9030645311952,2966.956975611192,5109.528037304308
1180.1348690389113,3553.1887801189073,5695.759841812024
1768.9081157055152,4141.962026785512,6284.533088478628
1903.4446011932096,4276.498512273207,6419.069573966322
584.8736729538941,2990.1830249912246,5036.542033184719
2536.6864011615726,4941.995753198903,6988.354761392397
1945.8354633357749,4351.144815373106,6397.5038235666
1633.6273634739937,4038.936715511324,6085.295723704819
-447.54830096746923,1957.7610510698605,4004.1200592633554
-13.665183209406678,2423.6443833399353,4373.574204194289
119.92299506315226,2557.2325616124945,4507.162382466849
-68.54018151445143,2368.7693850348905,4318.699205889245
1315.9852798940665,3753.2948464434085,5703.224667297763
2089.5731160376135,4526.882682586956,6476.81250344131
-16.550424406445927,2452.500195165957,4305.793495292335
3038.178191528391,5507.228811100795,7360.522111227174
3049.8466293449683,5518.897248917371,7372.190549043749
1641.835817187457,4110.886436759861,5964.179736886239
914.3711320083291,3383.421751580734,5236.715051707111
1611.7996512177442,4112.328231600366,5868.787535991845
-706.6286800942937,1793.8999002883284,3550.3592046798076
911.7719615499509,3412.300541932573,5168.759846324052
522.2737865252611,3022.802366907884,4779.261671299362
1191.592910553496,3692.121490936119,5448.580795327597
1466.0386640028937,3997.778186794675,5657.215936897651
1004.6664155370008,3536.405938328782,5195.843688431758
1014.7169372640265,3546.456460055808,5205.894210158784
4208.30467603084,6740.044198822621,8399.481948925597
1927.5990226286644,4459.338545420445,6118.776295523421
481.613985989522,3044.2935113602725,4606.5321232793995
240.2636252723653,2802.9431506431156,4365.1817625622425
2146.9160981507184,4709.595623521469,6271.834235440596
1713.6283407431738,4276.307866113924,5838.546478033051
733.1308141209049,3295.8103394916543,4858.048951410782
1622.923511986206,4216.2681836668335,5681.140106496427
-275.9609376750998,2317.383734005528,3782.2556568351215
1896.152361745776,4489.4970334264035,5954.368956255997
-386.6018959725161,2206.7427757081114,3671.6146985377045
3399.2375273053754,5992.5821989860015,7457.454121815596
1414.1519324221117,4037.8829829337806,5405.230757208214
1769.2343915576207,4392.96544206929,5760.313216343722
254.2480557869212,2877.9791062985905,4245.326880573023
1997.4804700421555,4621.211520553825,5988.559294828257
820.5163537566079,3444.247404268277,4811.59517854271
2084.245358863438,4738.080114993763,6007.756431248879
676.4060868151425,3330.2408429454676,4599.917159200583
-1378.0148135041804,1275.819942626145,2545.4962588812614
1806.6187652442195,4460.453521374544,5730.129837629661
2247.1582061749637,4900.9929623052885,6170.669278560405
2560.330275543378,5243.982164077713,6415.849921515027
236.3300642973652,2919.9819528317003,4091.849710269015
1017.9719095350656,3701.6237980694004,4873.491555506715
3843.6573300227365,6527.309218557073,7699.176975994386
1230.6227017568337,3914.27459029117,5086.1423477284825
-352.17133536802703,2361.0072183482353,3434.9395835930577
2200.4717382956233,4913.6502920118855,5987.5826572567075
2871.556615571816,5584.735169288078,6658.6675345329
-304.3111461485387,2408.8674075677236,3482.799772812546
1495.531640719556,4208.710194435818,5282.64255968064
2487.829427623842,5230.240291559352,6206.120757503637
1609.6010640099798,4352.01192794549,5327.892393889774
1762.4301696031816,4504.841033538691,5480.7214994829765
600.7333698081138,3343.1442337436238,4319.024699687909
1289.0436721740562,4031.454536109566,5007.335002053851
361.48576430081175,3132.8307022998306,4010.5531470200744
3259.218485597092,6030.5634235961115,6908.285868316354
2731.3546257823737,5502.6995637813925,6380.422008501636
921.1108458676426,3692.4557838666624,4570.178228586905
2510.35088837862,5281.69582637764,6159.418271097882
2472.5593490315296,5272.536250582374,6052.004996322358
1572.608681210947,4372.585582761792,5152.054328501776
446.2624739987541,3246.2393755495987,4025.7081212895832
1801.0168518423916,4600.993753393235,5380.46249913322
1764.0789936311944,4564.0558951820385,5343.5246409220235
2174.3884936523164,5002.6913810230935,5683.821253230864
-168.13006338340824,2660.1728239873682,3341.3026961951396
1013.6896851609554,3841.992572531732,4523.122444739503
1268.2746251727522,4096.577512543528,4777.7073847513
-831.6042073546512,1996.6986800161249,2677.828552223897
1597.0082711540435,4453.327306836176,5036.043693244129
471.85190093810434,3328.1709366202367,3910.88732302819
1079.9290577766533,3936.2480934587857,4518.964479866739
1195.108969600181,4051.4280052823133,4634.144391690266
2833.444692255664,5689.763727937796,6272.480114345749
874.6426577611855,3758.6641522301597,4242.903061966539
3660.694175852075,6544.715670321049,7028.954580057429
2146.1112415328307,5030.132736001805,5514.371645738184
927.0750262801703,3811.0965207491436,4295.335430485524
3144.4732383241026,6028.494732793075,6512.733642529456
2151.6619082423795,5063.06832804528,5448.7764507650045
2938.4087687171404,5849.8151885200405,6235.5233112397655
910.7815983802648,3822.188018183166,4207.89614090289
-613.8300217038013,2297.5763980991005,2683.284520818824
594.1378874381828,3505.5443072410835,3891.252429960808
706.0390945472836,3644.509070726836,3931.643835748936
2151.8454464696315,5090.315422649184,5377.450187671284
3498.0362536747225,6436.506229854274,6723.640994876374
1036.1545510536698,3974.6245272332226,4261.759292255322
4043.093469333943,6981.563445513495,7268.6982105355955
2737.0318452783417,5702.24018214342,5890.769817581879
2499.142010126681,5464.35034699176,5652.879982430218
1277.9807249369578,4243.189061802036,4431.718697240494
3691.6081224117543,6656.8164592768335,6845.346094715291
1426.2586123685055,4391.466949233585,4579.996584672042
868.2199383917923,3859.837622644484,3949.741214518739
2070.02272777595,5061.640412028641,5151.544003902896
3391.7212494811547,6383.338933733847,6473.2425256081015
2324.7272342887345,5316.344918541425,5406.24851041568
1656.8986874247216,4648.516371677413,4738.419963551667
1788.5688845333016,4806.263094762832,4797.53064607361
1632.6468932071512,4650.341103436682,4641.60865474746
455.6505982386743,3473.3448084682045,3464.612359778983
690.1264878629881,3707.820698092519,3699.088249403297
1062.6803094656648,4080.374519695195,4071.642071005974
3305.4684327529585,6348.902549306959,6241.535039062537
2828.7229537892313,5872.157070343233,5764.78956009881
2205.7433101980414,5249.177426752042,5141.80991650762
953.405288921469,3996.839405475471,3889.4718952310486
4503.136546875051,7546.570663429053,7439.2031531846305
2566.498922274997,5635.332537518772,5429.341979696246
2205.8743505965567,5274.707965840332,5068.717408017806
1631.765913548309,4700.599528792085,4494.608970969559
1211.8512835623687,4280.684898806145,4074.6943409836185
2014.6443513365614,5083.477966580336,4877.48740875781
2088.946245967738,5182.835174942349,4878.244677367816
1157.7756265611363,4251.664555535748,3947.074057961215
1544.9498111802432,4638.838740154853,4334.248242580321
1584.2417788234752,4678.1307077980855,4373.540210223553
2809.3458303129114,5903.234759287521,5598.64426171299
2134.480886152859,5253.077177643123,4849.921000774128
1189.5540380704133,4308.150329560677,3904.9941526916823
1122.3179164692947,4240.914207959559,3837.7580310905632
1902.2428373950643,5020.839128885327,4617.682952016333
2646.387066010426,5764.983357500689,5361.827180631694
1428.106758291574,4571.058706315142,4069.382321908097
941.5298615965792,4084.481809620148,3582.805425213103
1495.3055621867934,4638.257510210362,4136.581125803316
3766.647530935951,6909.599478959519,6407.923094552474
2458.086166632126,5601.038114655696,5099.361730248649
2080.020051573515,5246.972207302459,4646.832356947123
3326.5297435293305,6493.481899258273,5893.342048902938
334.24288725092083,3501.1950429798644,2901.0551926245294
3563.187606493876,6730.13976222282,6129.999911867484
3443.251551181246,6610.20370691019,6010.063856554854
1758.4095001756968,4949.002684302203,4250.467437804701
2344.2239348230923,5534.817118949599,4836.281872452097
1068.8887057820011,4259.481889908508,3560.946643411006
2147.1951580992036,5337.788342225711,4639.253095728208
1508.8559193012593,4699.449103427765,4000.913856930264
2566.2140128762603,5780.085328434176,4983.234142029352
1434.9457866437285,4648.817102201643,3851.9659157968204
-1233.2723111771438,1980.5990043807715,1183.7478179759487
3207.1301023347833,6421.001417892698,5624.150231487875
2118.1668112894977,5332.038126847412,4535.186940442589
3566.9671199713366,6803.749965625586,5908.673739998771
2341.342876760946,5578.125722415196,4683.0494967883815
1573.26026312247,4810.043108776719,3914.9668831499052
1613.2684395117258,4850.051285165975,3954.975059539161
3920.2471696852754,7157.030015339526,6261.95378971271
1638.4985109891795,4897.822594805161,3904.6237329029077
2065.037266356379,5324.36135017236,4331.162488270106
1339.2171367911642,4598.541220607145,3605.342358704892
2390.2080201478657,5649.5321039638475,4656.333242061593
3194.2600014781437,6453.5840852941255,5460.3852233918715
2838.4910526936537,6119.982406398996,5028.774871007431
1561.7220417536753,4843.213395459017,3752.005860067453
2182.2421516090035,5463.733505314346,4372.525969922781
3106.159298435453,6387.6506521407955,5296.44311674923
2218.3168367995986,5499.80819050494,4408.600655113376
2549.0539234798593,5852.334917231019,4663.2442883000185
2232.837364224187,5536.118357975346,4347.0277290443455
3387.6933577092996,6690.97435146046,5501.883722529459
2635.6033726564374,5938.884366407598,4749.793737476596
4577.352522351624,7880.633516102784,6691.542887171783
4083.8647881633,7408.554145829748,6121.717677520164
375.3651112993682,3700.054468965817,2413.218000656232
1502.180784678837,4826.870142345286,3540.0336740357006
2097.900312325025,5422.589669991474,4135.753201681889
1860.1017806472216,5184.791138313671,3897.9546700040855
1289.7598607567752,4635.472675735643,3251.0393531662844
-178.38073512725282,3167.3320798516147,1782.8987572822557
1421.2226334825891,4766.935448461457,3382.5021258920974
1259.0060873250495,4604.718902303917,3220.285579734558
1002.6652128318165,4348.378027810684,2963.944705241325
1297.0384997216797,4663.386251295973,3181.516846966183
2103.1475670182685,5469.495318592563,3987.6259142627728
1709.4133843133059,5075.7611358876,3593.8917315578096
2209.7776675433324,5576.125419117627,4094.2560147878357
3658.9983562786997,7025.3461078529945,5543.4767035232035
3193.5428260962017,6580.1333963497955,5001.0005262128125
-170.79761730466112,3215.7929529489325,1636.66008281195
1474.1557005534996,4860.746270807093,3281.613400670111
3434.9182150936676,6821.508785347263,5242.375915210279
1484.3867330476503,4870.977303301244,3291.8444331642618
2682.3550578383392,6088.792749141248,4412.580928302659
2101.5765571474567,5508.014248450366,3831.802427611777
3585.327501755578,6991.765193058487,5315.553372219898
1264.3542870147085,4670.7919783176185,2994.580157479029
3062.6003983305013,6469.038089633412,4792.826268794821
2095.2098549454513,5521.095408022939,3748.0011060379147
1750.6094383211023,5176.49499139859,3403.400689413565
3274.645638173027,6700.531191250515,4927.43688926549
986.7552638604848,4412.640816937973,2639.5465149529487
1764.1712963951554,5190.056849472643,3416.9625474876184
2115.169750292648,5560.100362892023,3690.3320586340446
3011.857384596661,6456.787997196036,4587.019692938056
2962.4993373375055,6407.429949936881,4537.661645678902
-444.92816732469964,3000.0024452746766,1130.2341410166969
1003.1167004256722,4448.047313025048,2578.2790087670683
755.0273661705132,4218.596712339524,2252.374948412709
3171.6202355104306,6635.189581679441,4668.967817752626
2661.12015239444,6124.68949856345,4158.467734636635
905.6600460514519,4369.229392220463,2403.0076282936475
2894.7196507401954,6358.288996909207,4392.067232982391
1358.5594714319714,4840.357721423009,2777.91515808916
3944.432978175695,7426.231228166734,5363.788664832884
2512.0983375539345,5993.896587544972,3931.454024211123
2987.6477589290025,6469.44600892004,4407.0034455861905
3304.1010487488884,6785.899298739925,4723.456735406076
2401.64660391792,5901.260444732281,3742.841913323093
2105.3751097013546,5604.988950515717,3446.5704191065283
1336.4951291984125,4836.108970012774,2677.690438603586
1846.0309218167304,5345.644762631091,3187.226231221903
3410.7409645198486,6910.354805334209,4751.936273925022
273.49633421711314,3790.508990803811,1536.371546587776
1815.938346871135,5332.951003457833,3078.8135592417984
1266.9897973549341,4784.002453941632,2529.8650097255972
3483.6489657195752,7000.661622306274,4746.524178090238
1324.8442362576675,4841.856892844366,2587.719448628331
2911.0851734580815,6445.076430581881,4095.489405054551
1435.2099281901951,4969.201185313994,2619.6141597866645
1464.3796723939295,4998.370929517729,2648.783903990399
457.9680663134304,3991.9593234372296,1642.3722979098995
2660.371161728852,6194.362418852652,3844.775393325321
1763.0272148194335,5313.573439612835,2868.8184921783504
3238.341107136106,6788.887331929507,4344.132384495023
2057.2241306045344,5607.770355397935,3163.015407963451
3245.5421816993085,6796.088406492709,4351.333459058225
-721.38704853372,2829.15917625968,384.4042288251971
559.8669622750622,4126.541127489263,1586.9122965000713
3865.488896041847,7432.1630612560475,4892.534230266855
2279.07885671062,5845.75302192482,3306.1241909356286
2731.747190062366,6298.421355276567,3758.792524287375
2743.617670323618,6310.291835537819,3770.6630045486263
1493.8738224775116,5076.245530447407,2442.049283568282
1667.4309668917183,5249.802674861614,2615.60642798249
2624.411798874835,6206.783506844729,3572.5872599656054
2177.0144846799385,5759.386192649834,3125.1899457707095
1467.547783588253,5049.919491558148,2415.7232446790244
1979.7652758277554,5577.40078316624,2848.956067027849
3733.283593500644,7330.919100839128,4602.474384700737
2921.4057823438297,6519.0412896823145,3790.5965735439236
2016.7362320733546,5614.371739411839,2885.9270232734484
3703.561386700855,7301.19689403934,4572.752177900948
1791.5475435105982,5404.009786547542,2581.6480756538363
985.5894213804081,4598.051664417351,1775.6899535236462
2197.909538191655,5810.371781228599,2988.010070334893
2700.3597639577165,6312.82200699466,3490.460296100955
2793.735381732238,6406.197624769182,3583.835913875476
1822.4464869544736,5449.295107935914,2533.360452788776
1370.3429121431427,4997.191533124583,2081.2568779774456
3014.717163876322,6641.565784857763,3725.6311297106254
406.5516030393892,4033.4002240208283,1117.4655688736918
2324.6924007835373,5951.541021764977,3035.60636661784
970.7365119818433,4611.527886045051,1602.3769604486806
2712.900472769475,6353.691846832683,3344.5409212363124
2368.2054503227955,6008.996824386003,2999.8458987896324
1443.648201704199,5084.4395757674065,2075.288650171036
3823.6825390011354,7464.473913064343,4455.322987467973
4117.211531447041,7771.49879438724,4669.50094189383
2631.1441141774576,6285.431377117658,3183.4335246242476
3198.3804838678307,6852.667746808031,3750.6698943146203
2116.211916530606,5770.499179470806,2668.5013269773945
1623.4200770695284,5277.707340009729,2175.709487516318
3496.566793802117,7163.899870646729,3969.43715010411
2999.3290975732352,6666.662174417847,3472.1994538752283
1953.2928965084739,5620.625973353086,2426.1632528104674
1762.1490516113645,5429.482128455978,2235.019407913358
2026.753725524537,5694.086802369151,2499.6240818265305
1999.862904517492,5679.788538923968,2393.255769084858
3986.945120812691,7666.870755219167,4380.337985380056
4282.038798092365,7961.96443249884,4675.43166265973
2321.8357016396503,6001.761336046127,2715.2285662070162
3521.5450497400443,7201.470684146521,3914.9379143074098
3584.2527135400856,7276.314498033384,3898.1193011850455
-146.69984088026035,3545.3619436130366,167.16674676469887
4619.0035629952445,8311.065347488542,4932.870150640205
2812.6897032977913,6504.751487791089,3126.5562909427517
3931.173491584962,7623.23527607826,4245.0400792299215
733.3358983462704,4437.074305412199,967.6371499842686
2188.1951864544544,5891.9335935203835,2422.496438092453
653.4125218733543,4357.150928939283,887.7137735113528
2412.741841593158,6116.480248659087,2647.0430932311556
1049.5297155324658,4753.268122598396,1283.8309671704644
221.53083612731734,3936.4832501780693,376.23749228538344
492.7483415272093,4207.700755577962,647.4549976852755
2890.406040670997,6605.358454721749,3045.112696829063
3402.4483997859343,7117.400813836686,3557.1550559439997
2658.5065582520574,6373.458972302809,2813.213214410124
3321.3981055672084,7047.09885579542,3396.490779671731
3795.4515309165326,7521.152281144744,3870.5442050210563
2068.411474536284,5794.112224764495,2143.504148640807
1459.0620025660137,5184.762752794226,1534.154676670537
2180.0028418162888,5905.703592044501,2255.0955159208124
2891.9478359272475,6627.928230065028,2887.417087342492
4412.029029869945,8148.009424007726,4407.498281285189
1313.7828049463442,5049.7631990841255,1309.252056361589
2149.2116216551703,5885.192015792951,2144.6808730704142
2965.764605578799,6701.74499971658,2961.2338569940434
2187.5309186198083,5933.3192776192855,2103.377325407635
1623.8064200148747,5369.594779014352,1539.6528268027018
1838.7101490953519,5584.498508094829,1754.5565558831788
2050.2781016431263,5796.066460642602,1966.1245084309535
1701.3600090298992,5447.148368029375,1617.2064158177263
1317.0542151262953,5072.175908778143,1153.2884464965553
1554.2877560408149,5309.409449692663,1390.521987411075
901.1092961501436,4656.230989801991,737.3435275204039
1187.8496300845027,4942.9713237363485,1024.0838614547624
3231.056170742566,6986.177864394413,3067.2904021128256
3589.692467375853,7353.669950882475,3346.3353557960177
988.8297474933242,4752.807230999946,745.4726359134887
1102.482833065419,4866.460316572042,859.125721485584
1766.5273536563318,5530.504837162953,1523.1702420764964
1780.156706162485,5544.1341896691065,1536.7995945826497
2195.5472071468557,5967.900058666798,1872.6298200785125
2662.9967410559675,6435.349592575911,2340.079353987625
2484.5836804289866,6256.936531948929,2161.6662933606435
2093.619153997668,5865.972005517611,1770.701766929325
1536.6633757221994,5309.016227242142,1213.7459886538566
1097.1831990598685,4877.42815824008,694.7469102886977
1471.932619951328,5252.1775791315395,1069.4963311801578
751.8397073903525,4532.084666570564,349.403418619182
3305.2377674966347,7085.482726676846,2902.8014787254638
1108.3597834591558,4888.604742639367,705.9234946879855
3958.5220928199938,7746.173100332596,3476.6186533449195
2489.337399016812,6276.9884065294145,2007.433959541738
2737.7119758491444,6525.362983361746,2255.8085363740697
741.1167285826359,4528.767736095237,259.2132891075609
2802.258010846697,6589.909018359298,2320.3545713716226
3782.4462259467273,7577.014464046915,3221.137834392917
612.6572249122992,4407.225463012488,51.348833358488655
3973.7754221791483,7768.343660279337,3412.467030625338
1787.0076756178105,5581.5759137179975,1225.699284064
3644.82397811175,7439.392216211938,3083.5155865579395
1464.9321206343084,5265.926054755936,824.2914931536865
1631.1856647829586,5432.179598904587,990.5450373023366
2154.1826628512626,5955.176596972891,1513.5420353706409
516.3730008260218,4317.366934947649,-124.26762665460008
1362.230960604759,5163.224894726385,721.5903331241369
1710.5174152782783,5517.442836683756,990.627854900264
3784.427602116646,7591.353023522124,3064.5380417386323
3330.7560602947733,7137.68148170025,2610.866499916758
735.8321516888982,4542.757573094375,15.942591310883635
1964.2279357245716,5771.15335713005,1244.3383753465573
2713.379545298873,6525.739614799831,1914.335010692983
2543.7847730851063,6356.144842586064,1744.7402384792165
1430.6714530037862,5243.031522504744,631.6269183978966
3551.379480073915,7363.739549574873,2752.334945468025
1038.2779476057665,4850.638017106725,239.2334129998764
1542.6302155296398,5359.925508294817,664.5353891405965
1496.6973027470472,5313.992595512224,618.602476358004
2962.363506978302,6779.65879974348,2084.2686805892595
2576.5959789952867,6393.8912717604635,1698.501152606243
3869.7579607341813,7687.05325349936,2991.6631343451386
3179.1055646957207,7000.834116162448,2222.0759202106797
1079.720674085916,4901.449225552643,122.69102960087496
952.3055315338479,4774.034083000575,-4.724112951192929
1856.1192393277097,5677.847790794438,899.0895948426693
1785.3906031771003,5607.119154643828,828.3609586920591
2260.870401074775,6086.527753980268,1225.0322701812022
1837.9951009712934,5663.652453876786,802.1569700777201
1212.083953027416,5037.741305932909,176.2458221338431
2529.3476067838455,6355.004959689339,1493.5094758902724
3161.9782239669107,6987.635576872404,2126.1400930733375
1218.5833403280167,5047.66259287666,104.07397871977462
3064.489103578868,6893.568356127511,1949.9797419706256
1992.417273955718,5821.49652650436,877.9079123474751
2765.549164716059,6594.628417264701,1651.0398031078155
1348.4239728910638,5177.5032254397065,233.91461128282134
1147.9782365567553,4979.970091739307,-45.054110855170684
779.2660442678696,4611.257899450421,-413.7663031440564
2750.8454803977975,6582.837335580349,1557.8131329858713
1892.3388909916348,5724.330746174186,699.3065435797083
175.5876818097886,4007.57953699234,-1017.4446656021374
3345.3804358137036,7179.773251894338,2073.984401096988
3215.2913343954897,7049.684150476124,1943.8952996787743
2905.1473683265895,6739.540184407224,1633.7513336098743
2075.5523440728794,5909.945160153515,804.1563093561642
2625.7392948592883,6460.132110939923,1354.343260142573
3210.2511423200563,7046.530984506843,1860.6618358705514
2076.559804784896,5912.839646971684,726.9704983353913
2376.461397910525,6212.741240097313,1026.8720914610208
2598.573919432024,6434.853761618811,1248.9846129825191
2008.1724572740934,5844.45229946088,658.5831508245884
2339.64168365037,6177.292376964718,912.0407006660429
704.2198260682571,4541.8705193826045,-723.38115691607
2223.9789251249804,6061.629618439327,796.3779421406529
2454.7221713572108,6292.372864671559,1027.1211883728838
2319.1633221374645,6156.814015451811,891.5623391531375
2036.5052509108455,5875.0084342711025,531.085427788414
2149.6462051405224,5988.149388500779,644.226382018091
2248.7542558853984,6087.257439245655,743.334432762967
2096.6023668389516,5935.105550199209,591.1825437165202
4135.392172649148,7973.895356009407,2629.972349526717
4382.416054002777,8221.251235537062,2799.381528881544
3411.3911169553203,7250.226298489605,1828.356591834087
2921.5619513296997,6760.3971328639855,1338.5274262084667
2813.259889676765,6652.09507121105,1230.2253645555315
1772.2896743945798,5611.124855928865,189.25514927334626
802.7034280825519,4641.348041685524,-857.7302996906305
776.2045255050718,4614.849139108043,-884.2292022681104
1549.0846380771354,5387.729251680108,-111.3490896960463
3588.492184169104,7427.1367977720765,1928.058456395921
3450.511035954886,7289.155649557859,1790.0773081817042
2304.1245944778925,6142.054057625941,566.5185829423122
2023.8258310939186,5861.755294241967,286.2198195583381
3565.1236696161004,7403.053132764148,1827.5176580805196
4024.1557287577116,7862.08519190576,2286.5497172221303
841.8665670455998,4679.796030193649,-895.7394444899807
1309.1308154745402,5145.818588313603,-505.4090842379126
3576.150440193389,7412.838213032452,1761.610540480936
2815.1952815812683,6651.883054420331,1000.6553818688147
2735.524459172203,6572.212232011267,920.9845594597494
2663.5114039595164,6500.19917679858,848.9715042470636
3480.4657982223434,7315.383443942101,1589.2419385328358
2354.4221362692488,6189.339781989006,463.19827657974105
1980.5570026028008,5815.474648322558,89.33314291329332
3254.508029953825,7089.425675673583,1363.2841702643182
2444.971607256108,6279.889252975865,553.7477475666007
2248.1572648028514,6080.774511310858,280.5109605796392
1550.6066129229753,5383.223859430982,-417.03969130023654
721.3515931922411,4553.968839700247,-1246.2947110309706
2051.463407891476,5884.080654399482,83.81710366826461
1889.9392331497252,5722.556479657731,-77.7070710734866
2595.103590130589,6424.888393039355,551.3079973455242
2569.2488478581845,6399.03365076695,525.4532550731193
2650.7830509590485,6480.567853867813,606.9874581739833
3658.110237053884,7487.895039962648,1614.3146442688185
1760.3923174008683,5590.177120309634,-283.4032753841968
999.9568946232666,4826.375501563048,-1119.703138338797
3032.747284595508,6859.165891535289,913.0872516334443
2116.554775925849,5942.97338286563,-3.105257036214774
2085.114545553529,5911.53315249331,-34.54548740853489
3428.9711868071727,7255.389793746954,1309.311153845109
4185.394125253522,8007.911141523015,1990.1662433391252
4102.860372374173,7925.377388643667,1907.6324904597757
2373.8917380331714,6196.408754302665,178.66385611877482
2824.209106887025,6646.726123156519,628.9812249726288
1035.5096565569525,4858.026672826445,-1159.7182253574445
3134.774535368888,6952.852990935613,864.2871874775086
1662.2249659346637,5480.3034215013895,-608.2623819567154
3389.386896379491,7207.465351946217,1118.8995484881127
2785.1152827902915,6603.193738357018,514.6279348989129
3289.3638272670414,7107.4422828337665,1018.8764793756626
1724.0496411867935,5537.151059048473,-621.3769506197949
3871.152604884882,7684.254022746561,1525.7260130782931
2184.6739250912624,5997.775342952942,-160.75266671532597
2448.100245944139,6261.201663805818,102.67365413755046
3826.9811668734756,7640.082584735155,1481.5545750668873
2088.304187343493,5895.8886532611805,-331.72954152973244
750.5625230636088,4558.146988981296,-1669.471205809617
314.72908257988274,4122.31354849757,-2105.304646293343
4233.868468141999,8041.452934059687,1813.8347392687729
3060.0550049210797,6867.639470838769,640.021276047854
2650.3696840798434,6451.895917693004,156.0728537792249
1767.7831336057902,5569.309367218951,-726.5136966948284
785.9292321231342,4587.455465736294,-1708.3675981774848
3157.936723775806,6959.462957388967,663.6398934751878
3281.2278212039873,7082.754054817147,786.9309909033685
830.7834152697978,4625.7088426029795,-1737.420509783021
1843.7504862151156,5638.675913548297,-724.4534388377037
2552.9355726940785,6347.86100002726,-15.268352358739953
2682.3392052131767,6477.2646325463575,114.13528016035762
900.0508966049072,4694.976323938088,-1668.153028447912
-455.8186557706622,3331.9621715994626,-3097.5616574408646
4928.22501611483,8716.005843484954,2286.4820144446276
2518.797695686111,6306.578523056236,-122.94530598409123
1034.9392854074276,4822.720112777552,-1606.8037162627752
1306.816386116182,5094.597213486306,-1334.9266155540204
1880.8922869836051,5660.983576316193,-834.0097231713638
1938.439514485362,5718.53080381795,-776.4624956696067
904.4558287765531,4684.54711810914,-1810.4461813784164
1535.8607555392646,5315.952044871854,-1179.0412546157045
2394.150692460259,6174.241981792848,-320.75131769470994
3133.9416516682254,6905.797397230288,346.2727877468395
2332.99526875464,6104.851014316702,-454.6735951667455
2730.5962624229333,6502.452007984995,-57.07260149845252
724.8563748195766,4496.712120381637,-2062.812489101809
1123.996565827177,4895.852311389239,-1663.6722980942088
2757.09995881556,6520.17316537213,-102.93148299601883
3600.0296244778865,7363.102831034456,739.9981826663078
2491.6151547979753,6254.688361354545,-368.41628701360344
893.2851580201141,4656.358364576683,-1966.7462837914643
1360.9456109615585,5124.018817518128,-1499.08583085002
926.6531257552833,4680.395888155765,-2005.3244644222482
1636.6917790354112,5390.434541435892,-1295.28581114212
1503.324793367614,5257.067555768095,-1428.6527968099172
3676.049664345187,7429.792426745669,744.0720741676553
2477.2838504045712,6231.026612805053,-454.69373977296
1304.7083409800398,5048.571925179959,-1698.7867840484994
2470.9810507248585,6214.844634924778,-532.514074303681
2404.968167477422,6148.831751677341,-598.5269575511174
935.3287259249,4679.192310124819,-2068.1663991036394
1151.7932681248146,4895.656852324733,-1851.7018569037245
2894.4268076959556,6627.861733219062,-180.145026542096
1396.7483153026833,5130.183240825789,-1677.8235189353688
2321.4823286256023,6054.917254148709,-753.0895056124493
1656.714235808523,5390.149161331628,-1417.8575984295292
2169.784674921169,5903.219600444274,-904.7871593168834
1858.172821251228,5580.628945097073,-1287.0226585416765
2714.773083859144,6437.229207704989,-430.4223959337603
2651.2869215040064,6373.743045349851,-493.90855828889806
3307.8984576019147,7030.354581447758,162.7029778090103
2849.1574955319875,6571.613619377833,-296.03798426091663
467.02178966338215,4177.94839166963,-2748.332010332753
84.96759104577359,3795.8941930520214,-3130.386208950362
2701.258097079365,6412.184699085612,-514.0957029167706
2879.593305458743,6590.519907464992,-335.7604945373923
1875.52458926986,5586.451191276108,-1339.8292107262755
2285.505989943003,5984.351859629265,-999.5285213883901
3420.7750555016883,7119.620925187952,135.740544170296
1936.0887085596205,5634.934578245883,-1348.9458027717724
940.8126997225363,4639.658569408799,-2344.221811608856
1756.7292574672397,5455.575127153503,-1528.3052538641527
2827.721927254287,6513.935452204556,-526.503382390205
1992.7207453007134,5678.934270250982,-1361.5045643437788
2054.9514749559994,5741.164999906268,-1299.273834688493
1838.0431114005169,5524.256636350785,-1516.1821982439753
1926.9796338585293,5613.193158808797,-1427.245675785963
3067.5363474945552,6740.565603405252,-355.37752241015477
685.923647478475,4358.952903389171,-2736.9902224262355
1445.6817132292772,5118.710969139974,-1977.2321566754326
1620.2205661661847,5293.249822076879,-1802.6933037385256
1656.2114313834622,5329.240687294157,-1766.702438521248
2913.1636531202935,6572.456496095267,-577.9241856726345
2420.2300397622694,6079.522882737243,-1070.857799030658
3484.143156681229,7143.435999656203,-6.944682111698121
2622.183401269889,6281.476244244865,-868.9044375230385
2143.462478414991,5802.755321389966,-1347.6253603779364
2204.269875605768,5849.274039101927,-1354.464923852102
714.1524569608744,4359.156620457034,-2844.582342496995
2856.5667493610244,6501.570912857183,-702.168050096845
2165.0079719878613,5810.012135484021,-1393.7268274700082
2428.231647998233,6073.235811494393,-1130.5031514596365
3154.132098003481,6784.295305276477,-471.7100208879918
2858.2051088480907,6488.3683161210865,-767.6370100433821
3144.988626719919,6775.151833992913,-480.85349217155436
2915.612231555945,6545.775438828941,-710.2298873355275
518.5209188053666,4148.684126078362,-3107.3212000861063
3796.59779118813,7411.367937594216,104.20154584916206
2724.9824761841865,6339.752622590272,-967.413769154782
2315.337195670917,5930.107342077003,-1377.0590496680509
1940.0113458929409,5554.781492299026,-1752.3848994460272
1846.399663508566,5461.169809914651,-1845.9965818304022
1759.9047778214554,5358.730309569476,-1998.4761227884844
812.6438507821492,4411.46938253017,-2945.737049827791
1978.762623909306,5577.588155657327,-1779.6182767006342
1124.6648979252468,4723.490429673269,-2633.716002684693
744.2584958018517,4343.084027549874,-3014.122404808088
